path,bytes,sha256
.nojekyll,0,e3b0c44298fc1c149afbf4c8996fb92427ae41e4649b934ca495991b7852b855
Citation-Inventory.csv,91073,a24af1f37b40612aa03e24d3f93d936a7072af47eb39d57184caba06273a818a
Comprehensive-Citation-Map.html,313155,b5b31fcb7cf67b2100438ab7219e1b20abb0f021347a05a9ed265b28896c6c60
Comprehensive-Citation-Map.pdf,328795,367188bb7bed37e29113aa0941be33e54505f3f0f6f351d12635a1ca9a4ec82d
Comprehensive-Citation-Map.png,386643,91368c7558d6741695d15823d41ff3f7bad8be34a05c7fb80a38cf2f8ff2c9b7
Comprehensive-Citation-Map.svg,574382,5e4aa0856db49522a12c4bd6b404ec2b96ea996aef1e5e265540834f9cec373a
Coverage-by-Publication.csv,2760,fc8859f991133ec7cfcffa7be943244cca925e9298c5ae8b890eb799892a5099
Delivery-Manifest.csv,62000,04dc894a1237fa680e28e06bba0d8b7b027fe8e64dba28d76dbb6073cf73c33c
Discussion-Page-Index.csv,2668,2210669ef9234656adff8a20d3269a97641ee42e38a5abe7107298e5baee6d1a
List-B-Restoration-Verification.json,2139,3ada1216e13a79fb9f7efc6ff5d0295cd2bc4717005f95e10c50ab15dee72314
Map-Affiliation-Ledger.csv,598312,6422196dff88e409eca5959a557a898292fc47ddd9a66411471a19e3c5a9ea87
Marked-Articles/01-Mixed-Precision-DNNs-MARKED.pdf,1193524,6b2cca064defb54780813873deca8198a6bba0008f71a8ad03b7a0029359f8ea
Marked-Articles/02-Orthogonality-MARKED.pdf,1774607,5b22ff964ce1ec5d45ebd6df0fd8ef459816485b63a362f4de7da2da9198682d
Marked-Articles/03-Bayesian-Bits-MARKED.pdf,1307448,25918cc8064ced4414fe7bb5fbcf18f8939aa430e0db273de859c477beb596b4
Marked-Articles/04-QW-Net-MARKED.pdf,11764485,4c507c0b269ae10a74ac1ac5c052bb9cb2144485b3ef1cf833ffff5914b03f7d
Marked-Articles/05-DVS-Gesture-MARKED.pdf,1125566,97cc2eaea7d23d203ce893cb525a884142a656bae41a734a5fa57519d2997c77
Marked-Articles/06-Transformer-Quantization-MARKED.pdf,2132909,b5e5e17c1a485eb40b2bc0671cb069a6e17270c6aa441ed3912e218463e7e9fa
Marked-Articles/07-F8Net-MARKED.pdf,973855,22e7ce1c5900adad4c46aa0c4d50c89276e3dbd4e427310fda4bd4a32f6f0fe2
Marked-Articles/08-Bin-Regularization-MARKED.pdf,1718677,a459492953221a05aea92ca067ca4556a4fd2c1b511e501638e741873a2fcfa4
Marked-Articles/09-LLTQ-MARKED.pdf,2082837,ad05bdb3576c7d1fd2fe9150396eaeee6e19cd140ef55f298c757ffd6c01a247
Marked-Articles/10-Integer-Only-CNNs-MARKED.pdf,1050710,631a827b14b4bb42ca0783d1207ef6bbdcd702eb4ffac1edccc5187d2b80a6a7
Marked-Articles/11-Tiny-Transformers-MARKED.pdf,2677368,9eae50a4ad885acdd5c27dbf3399d6622d9ab74b1bd350b27b363d4e672d0093
Marked-Articles/12-RIS-MARKED.pdf,2687361,3e88b5b314bbb245aa62222cf9d8b17bd6be2625f69b6bf7d8e6024fab1ff754
Marked-Articles/13-AdaRound-MARKED.pdf,462403,132dc0a335c21399469ae5949c25d579c8c02ff7ba1e4cecc0f0fce08403e3f8
Marked-Articles/14-Bringing-AI-to-Edge-MARKED.pdf,1272874,7932195efe5fe8551784edcac33d0544a7087ddf9f80eb09d227f5b527be30a6
Marked-Articles/15-HMQ-MARKED.pdf,583710,c984cd8f1edff6e9903b58dff8773e8e37038974ba8962c5a1817d233141a7af
Marked-Articles/16-Depth-Completion-MARKED.pdf,1979681,1e29c2d25b21b8a7fee2bd12df9b3e85ea7ab632cbaa1d905a80cc8a305fd039
Marked-Articles/17-QKD-MARKED.pdf,1133301,5ac4b4c30fc18649cbb980a23b2a778d0edb6a48d682814df04e706a984e0682
Marked-Articles/18-FELIX-MARKED.pdf,5076479,67152d482c928912e9151475c425ea663f8aaf4291db051674389e178bdf1934
Marked-Articles/19-White-Paper-MARKED.pdf,1539639,0c55d1848a3e4eebecc5c573c15fa0e56e371bd40c731005766e9f9bb73de41f
Marked-Articles/20-ITBWN-MARKED.pdf,548032,d1e10129165eb3ca7839ba28625e7d9a9e0b565bdc1229248820ccaf99c1452f
Marked-Articles/21-SAR-Vessel-MARKED.pdf,4601813,3ad559f6782d6c972f65443fbf6eacd4bc3e0ca937f39294b3331953ec0b3515
Marking-Review.json,61892,c9c4d088b0e8bcb2d3c5208a623864c84431dbc7e21f3a8e025488f0a931f172
Revision-Notes.md,7639,4fdf4073b253e5d0566648832b6631d351e5ba570e6c9cd41a0e6bc67e870e1e
START-HERE.md,3049,a67882fdc2af983dfcd4be50991c763352afb79eb865b92a25f956112d48d94c
Selected-Articles.csv,23895,9001c771c99cf7f58eeba6eaedbae6c741c2e774277b2e5cf670bea935bf6dde
Selected-Discussion-Pages.pdf,14137024,ef32cd0a1c7b19737ebcf2773d92935a7efea2c025db8fe5865257e2d5a033ed
SerpAPI Verification 2026-10-07/SerpAPI-Verification.md,3321,fd79b1bb71ea3fe814686243e2c949d446daf213083a141aaa355c2242d9f2db
SerpAPI Verification 2026-10-07/profile.json,20760,899b4805f28fdb4d5a286dcee8468523918a136d32dcb84d1b88ab33b268d344
SerpAPI Verification 2026-10-07/tqt-citing-papers-num10-start0.json,29872,91677aacad8d783f2e6a76385ac1f3dd4cd56c9829da3a34c2e9f7a2e47c3030
SerpAPI Verification 2026-10-07/tqt-citing-papers-num10-start10.json,27766,eac8e34c6107a934f7d8060114c40e912895bf13024dadf242da93355342ee3e
SerpAPI Verification 2026-10-07/tqt-citing-papers-page1.json,61842,37189252a9f3453687b8a625d390e24bdff8f6dc841ec2fc674612922c67661c
SerpAPI Verification 2026-10-07/tqt-citing-papers-page2.json,72473,d23538627606cc6808e038c06617554947eace77334d7561424138867592c1d3
SerpAPI Verification 2026-10-07/transformer-citing-papers-page1.json,77105,a3a51271f72d7efa193b09b83cd0be3794ba604f813a3c34cd33710df3c271d9
SerpAPI Verification 2026-10-07/transformer-title-search.json,6910,4cb6a2ebacc1f4f2caa4cee2f1fbee014bb217f201a61db4172729cb88dac283
Source-Ledger.csv,64315,55666f67404e76adfae6c14f8818971f00cf040d6f9d0e369f4d9c8f64bf1188
Sources/Affiliation-Pages/E-0043.pdf,130307,2d6af4ab110b3686b7ff3e5a0c92b6e565d7e68c18b863cc63334cac1a626ef2
Sources/Affiliation-Pages/E-0044.pdf,86661,797d34c63c845a841b24a29f87d38f832633d084375043e80955c54c8f74b976
Sources/Affiliation-Pages/E-0045.pdf,426919,99efe979ace4a05203485a2e5dce390fbe665ee3e854a48dbc34e978cec0ae09
Sources/Affiliation-Pages/E-0047.pdf,175377,662cabf771a701bbd13b6ad1705e11c431fab32ae2eb18c75b07946158781cbb
Sources/Affiliation-Pages/E-0048.pdf,82056,165bf5d1cfe8163466750c9d4adad80b1628a121648502c2880f80357f1d5e34
Sources/Affiliation-Pages/E-0050.pdf,206305,5ccef70963f3e37aa49de7dc74f28b4550639de743e2f0038a7a6b9393eedf95
Sources/Affiliation-Pages/E-0051.pdf,170744,5f81e0c594e7e54b396a0337b0b2d541faf30f994ce1a2d93e27397133b6871e
Sources/Affiliation-Pages/E-0052.pdf,103702,e8e48c7721a3e2d9dd2d4616d47f500fd8d45a2df538f1cbf0290753bbd93626
Sources/Affiliation-Pages/E-0054.pdf,265683,1aefb84bc8b37e31b23ad9df2c7de83198988dbf6303f54d2bd112aca3215767
Sources/Affiliation-Pages/E-0056.pdf,203549,b11564cc3b68ed92482be6fe1e019ea65a8a0e2047ac794c455fac5094a3d422
Sources/Affiliation-Pages/E-0058.pdf,71223,b67f5297c91a93173133bac39eff21dab606098eeb2670ae98d123054cefad44
Sources/Affiliation-Pages/E-0059.pdf,153771,0380bca49d4390cc28edf76a1b5a94d8791c643ab164e13c47588761835ac756
Sources/Affiliation-Pages/E-0064.pdf,293475,ef31a2b3b1206edefe1703aa0a701b36b428bce3f7cf176aa5ce505ce53f59bf
Sources/Affiliation-Pages/E-0065.pdf,147532,95de6e594d209235ce3a1932c4a41bfcefdff9384979f315969a0edcf53cfaac
Sources/Affiliation-Pages/E-0066.pdf,481358,1d48258f40ca909d0f7691c120d077f4b4f6ab2c6d6e3b9fafd500b95875ee95
Sources/Affiliation-Pages/E-0067.pdf,111347,a66b47d70512fd8393b702b366a4603f2931f3f190d54613af3b781bda6bcdd5
Sources/Affiliation-Pages/E-0069.pdf,86726,724ee96686c9eeb6cfbe0e9527699402c4618aa7b3a5324c5527adb1976500f4
Sources/Affiliation-Pages/E-0072.pdf,107326,eae91fe3508230e68d8e8c355de1582c293358478325c705579641089cc28a83
Sources/Affiliation-Pages/E-0075.pdf,250208,b27213dd175f1ac770f0a821bbc7b79a9d488f165f682cc459e76d91d09c9bb8
Sources/Affiliation-Pages/E-0076.pdf,133728,764599bd34a2b08539d225d7dfb2381a28dfab66ea5e46e995aa5fcf2702ca61
Sources/Affiliation-Pages/E-0077.pdf,156983,8c8aa119722193ce61c740ae40bce3d1f9c14668e847bbeed9f86fdfec5fb695
Sources/Affiliation-Pages/E-0079.pdf,95544,fbefaff7b2a9afe9de86a51d739ba31e302eba4e2533f0c4b671ea8e25bcd851
Sources/Affiliation-Pages/E-0081.pdf,161259,b0999a7aeda847eee0732f49b1df4d6117ef104d52e066394e59d5860a978823
Sources/Affiliation-Pages/E-0082.pdf,60135,70c253ba6ca24347cc262260ed3b200bc8b3b232051a95db2ec42c2317e241ad
Sources/Affiliation-Pages/E-0083.pdf,359851,12deeadc756739704e04e035fd9f0ba2793e7509172dbab1b377a2df701dece1
Sources/Affiliation-Pages/E-0085.pdf,59563,1ca03dfabc190a8e3d78a30f22b801f9d220dec0a6a7893f911d6b57c929cf6d
Sources/Affiliation-Pages/E-0087.pdf,162973,d68a480b8f4d11906c1404717fffbeebdfe1c2b3f26cf60f16f0052618c57e0c
Sources/Affiliation-Pages/E-0089.pdf,113025,8bcd6149acec4e58abce2f119ccce3d2c239ac477326d4cdcd9ef271ed17942e
Sources/Affiliation-Pages/E-0092.pdf,142366,a50fdab40c7566e117d9aeb4ffc0d8f7d75e359a14f7e8c7bf0defbc05506e07
Sources/Affiliation-Pages/E-0105.pdf,854776,5b6766df1c60563cb1921a717d866d43bec959d10741c6b610942c8565e70444
Sources/Affiliation-Pages/E-0106.pdf,271167,a6f8d75ad7bfad027657899f9851a38ce981311ba25779c081bb4c0a55a4e4e6
Sources/Affiliation-Pages/E-0107.pdf,126242,98bd9b827323f800bd472bad3d4fad03264348b7da4cb430e067cd95bc193e25
Sources/Affiliation-Pages/E-0108.pdf,120586,712a37feb60572e9300617a2f12e3911aedd9a85eb0af6093237b9fba18e720a
Sources/Affiliation-Pages/E-0109.pdf,89305,bc4b33fc22cc938851b62be02812ca522d9c708bc18ed2eaa5a9d5eb230e452a
Sources/Affiliation-Pages/E-0110.pdf,156627,9de864f72f400e0aad152beede25a310c1908e577d0dd37a3cf4c43b46d30ad6
Sources/Affiliation-Pages/E-0112.pdf,98243,870939dcf9ab0bcc66805a9c6b487b84443be40e40fa4bf67c1cfebf563b26db
Sources/Affiliation-Pages/E-0114.pdf,187804,9bcfc49c1b52fe94cee2974b22542bf60b85ab4c034ac39e2195f54623151b9e
Sources/Affiliation-Pages/E-0115.pdf,93985,b67ef4217c95b1c06ca31f3daa35dec757bd237b870b73064e4c304ed3c53d55
Sources/Affiliation-Pages/E-0117.pdf,237260,ef7268bb06c5da3b260d9ff6d8d89f4419909ea5acc239b489260e8c7075d33a
Sources/Affiliation-Pages/E-0118.pdf,83296,51529362122673fc2dd89ad2d9f8d311c93d5d3f1f7ef2c28b17657c742fbf87
Sources/Affiliation-Pages/E-0119.pdf,78714,966ab1704ba2370350784c3c41225c538b18a01689451ea7822fcfa09fd6274e
Sources/Affiliation-Pages/E-0122.pdf,81580,fbe1d79398f8372661011a08dd7dcc1d63d34245d3c36890173f0ca7b32c91c0
Sources/Affiliation-Pages/E-0123.pdf,130722,0eac2aee4673a40d3f7650a26531a1833d6d433444b03393f6a29713c381aafe
Sources/Affiliation-Pages/E-0590.pdf,86860,e222dc216a853b513d9d8b499bcf7b3e8a27843653289130c9628125620c674c
Sources/Affiliation-Pages/E-0591.pdf,64293,71957b993f5b6c233d230bdd18cbb97274e8eeb30fe62e63451e2955f3486a2a
Sources/Affiliation-Pages/E-0593.pdf,192434,3f4b5def388e5fc0c0fd650d3403e519922747e800d2fa61d20de6d95ca6e620
Sources/Affiliation-Pages/E-0594.pdf,69339,e176c4d29955e652cfdae427c791cf7f12707d26e76c2cb556833a59245cd07f
Sources/Affiliation-Pages/E-0595.pdf,253664,765ebee723768de39cf85254179fcf626cbcb8a408345b060924e6e289e69199
Sources/Affiliation-Pages/E-0596.pdf,535594,26782e44cb7819d667b2513b24508e8636919e8780b25878dfac555e33dfbfde
Sources/Affiliation-Pages/E-0597.pdf,116467,d0bdbc81caa62524dac24ba89b2106b61f8c3717ab3a098954bfbfce59eebac6
Sources/Affiliation-Pages/E-0598.pdf,91241,2c6282008aab0858784450031eeebbfbdb2c6593d11720e1a966748f676b787d
Sources/Affiliation-Pages/E-0599.pdf,42757,8b646978f11f195925da84da443b8f41146ea675a39686ee6d088542c75a01c8
Sources/Affiliation-Pages/E-0600.pdf,39849,e4b7cb73e81412aa90b58b8d69a4812479584b801bb09fb91e2349b272d4efea
Sources/Affiliation-Pages/E-0601.pdf,109442,7430e800e159ef5847b135534cdab302f3ffade8c371f0fe153612579e2c6539
Sources/Affiliation-Pages/E-0602.pdf,324266,ef18d359c395415de5dc8c721aadcf9af762b7fa46b8de74091ed024a12d0166
Sources/Affiliation-Pages/E-0604.pdf,131969,f06d1926ba1e9e9ec3b469f3b9c33ca5d4a69702303b4e351006ff8ac98eafa8
Sources/Affiliation-Pages/E-0605.pdf,297301,e99badf1af79593383dd42db848474a991313a351d2c093a893e98d612326b6f
Sources/Affiliation-Pages/E-0607.pdf,276266,11281f3b7f2c70c6ebe05c7ab6009ae2108670f8632ff5466b53cfb8bfc8541c
Sources/Affiliation-Pages/E-0608.pdf,100837,edd170a29172ced8e0271ad18b9bb935ea94836ffbde678bf524585c34c268d9
Sources/Affiliation-Pages/E-0609.pdf,119200,8bc80f784c0c800cef07f78f0b74e46078f5a85f4f9f7d5cc19a037dfe77ed55
Sources/Affiliation-Pages/E-0610.pdf,141959,34f6ea2e426b1bd315c31e3a7b2c65e3c7cc85b62ca5af48a60438161979ce78
Sources/Affiliation-Pages/E-0612.pdf,129372,0d77b1c15c9bf50f1ac1601ff13713c3b455e54146f8c04f537cc5677366d9c8
Sources/Affiliation-Pages/E-0613.pdf,59071,c794eb94ad287bbe807646e30dcc96fbbacf344fb2eb651911b33060e171f51b
Sources/Affiliation-Pages/E-0614.pdf,94235,b0fd14bd7beee03fac38bacabad25b1bc4d03ae9cad9c2c1b3374ee07fcf9084
Sources/Affiliation-Pages/E-0615.pdf,97915,c7429e15c071f3ec8ebcb290521ee2e0b723c93b08048ffcb03552e64f7bfdb5
Sources/Affiliation-Pages/E-0617.pdf,161310,95ea5c22914fb5aa41fedf12458625d3d9edc3190d3b1f8deae6aa43065d1d03
Sources/Affiliation-Pages/E-0618.pdf,64795,42c1ec33c3716e81b311ab0646b28014792bd7835eb057ec65f9b232730a777a
Sources/Affiliation-Pages/E-0619.pdf,26267,53e73e7e66a387c7992abfdeb2e96c1a015cd5446cdf27d5d6a1d5a6db40c994
Sources/Affiliation-Pages/E-0620.pdf,148168,be92b2f1cc5281ee0112e0d971741023c0e6e2e15563a6ae8816c2f438d13cd3
Sources/Affiliation-Pages/E-0621.pdf,117632,64ec5ab072e70d6671ff92dcf566807f7717abd0d6e52463fab0a822ec63ac0a
Sources/Affiliation-Pages/E-0622.pdf,99204,5b8fa2936baa992c620644ec13ecf9d1be026dfa7115c280ee70d4d6bdf46747
Sources/Affiliation-Pages/E-0623.pdf,192314,30fa595dc4cd9c36774e5a5ab96bf547e0f4761f22a44329bcf48ecd9b43081a
Sources/Affiliation-Pages/E-0624.pdf,279099,208a55997547b93e29e9784252b4ea37ce5ef58dcfd574f9ff8ca35a663c142e
Sources/Affiliation-Pages/E-0625.pdf,81395,80a60d6f7b751b8d292b5e408dd0a7ad86ad4fd8ab655b7b1694451590560843
Sources/Affiliation-Pages/E-0626.pdf,95317,5a9e4b62da6dfc30c29fa1e90c664b32d98dbe152941388ba08cbc09ce58f160
Sources/Affiliation-Pages/E-0627.pdf,59221,b002fe92309ff9db6ed6a367c2fa6272720ee54a706e36175b94fd7727ea311e
Sources/Affiliation-Pages/E-0629.pdf,26948,48af06e86a640e71b816ec68fef1dd9c405cec9e85a72c8c82e0c86564ccc83a
Sources/Affiliation-Pages/E-0630.pdf,87293,de5bf75a0fb3a5ccd659249525cabd0ba0954136f08f61cf3568da45b685fdef
Sources/Affiliation-Pages/E-0631.pdf,108567,272e6135455e23f9eb76c02e411e3b3a78a311930a29a5f8629baf06fb901f61
Sources/Affiliation-Pages/E-0636.pdf,629964,37bed720e4a3bad07ea793f9b4e58dafb5d77a065ac19329ab9babead56c5abd
Sources/Affiliation-Pages/E-0639.pdf,94133,f1f2505826a7bde86f25564b74a6bff31d411f8124109c38f6ab80966c5e7785
Sources/Affiliation-Pages/E-0640.pdf,271665,8a8d5c84dccf31211ac026617c6a0595914fb0b3066cf9223373e679597e50d7
Sources/Affiliation-Pages/E-0641.pdf,95041,3902acf45f5d9b28ec0e69d5ebdeec0d043c87c5e3a4e936d6de78d7377cf1e7
Sources/Affiliation-Pages/E-0643.pdf,92107,9145466c3e9e31baeaa7479986f72e8b0c2a0005ff37dc2b333c65bc29cdbf2e
Sources/Affiliation-Pages/E-0644.pdf,2200603,03b671971f2a5cd49c765dcfbe530fb3b49a8bd80e755b8f13f97e8cb1a86232
Sources/Affiliation-Pages/E-0645.pdf,431847,0ec35b53818892a32dcfbe521ce87e1601494c96c6998d6959769834cfbbc87a
Sources/Affiliation-Pages/E-0646.pdf,40086,f13ab788744eb7c44efe90a3934acc42fa285cea178df1f44168259d00f5eb77
Sources/Affiliation-Pages/E-0648.pdf,115976,0570c656730ac54c166736cdc4e917670666526659d1e5489e7d1558981f48e1
Sources/Affiliation-Pages/E-0649.pdf,166536,e2fb30fa3c54e4f2284dd5e2cf207954f5555abdb443c940690ba80d48d8dbf5
Sources/Affiliation-Pages/E-0650.pdf,344177,60f39a8e4eaf370e88f7027963e639e2ba09e2a3cecba68a5a4d62d1f2077c21
Sources/Affiliation-Pages/E-0651.pdf,138676,6a5113c4183d88ca7b64860b5e13b30996bc9a3adfb5d08b10762755bb8eb5d3
Sources/Affiliation-Pages/E-0653.pdf,200744,19cfd1afcfd7853cf0d0d9ed6b32f65e8a6d5fff59e569e084d508ce94e41355
Sources/Affiliation-Pages/E-0656.pdf,55101,86bb4717ee1557f2827c09a76b8f01984598460fcc503fff84aa1bc8c061f431
Sources/Affiliation-Pages/E-0657.pdf,97149,d8c2514500169f1a8a84ae42b03d1535564d1a894888b35874155c981dbe5aae
Sources/Affiliation-Pages/E-0658.pdf,97085,83cef7e5d73f475c0c5f77f9ca4413d881223ce0f15c14241d0ceb87cbb11414
Sources/Affiliation-Pages/E-0659.pdf,431847,ccfff3a5beb6dcffd1640d12cc3b2d61780447f3a33c3ead411b3826bc6ba566
Sources/Affiliation-Pages/E-0662.pdf,219320,d0b4442bb804140e1f5d58f2729bf2cafeab8f6263e0606508c955289d7e6eb6
Sources/Affiliation-Pages/E-0663.pdf,177520,5ae2b99002402f61ec152dcfd900f6ab838d7687f2b1477768c980b721f6820d
Sources/Affiliation-Pages/E-0664.pdf,73983,56d69a8c8c272b73d065a8d16190c5babcfead3d5c1cee4d42b93afb3a70b9c1
Sources/Affiliation-Pages/E-0665.pdf,92476,ab3e229fd1a3ac1316df95200bc335eabb3ebeae9799718a4ee3404c913a212b
Sources/Affiliation-Pages/E-0666.pdf,156219,9092abdfdb8fd4f34711d39bc2e4f2ae0489b702d39eca6ed8d6f04cd90baef6
Sources/Affiliation-Pages/E-0667.pdf,49224,d7d19f2c47db5502b3768dbd6d2281a7eec961b749e2730a7ad1f13784143e70
Sources/Affiliation-Pages/E-0668.pdf,81437,00fd1500da118af04c69308535b51b5bfab42d869aee04d08818549b1ac4a0dd
Sources/Affiliation-Pages/E-0669.pdf,56400,19bcc8c4014e260a36e8256f84c200fb23b339e666e0f5276b568ddcc0f9b947
Sources/Affiliation-Pages/E-0670.pdf,53037,3fcac10f00651f7ee94c6d485ddc30fdd57acb7ee37145bfe50fdcc4182a5727
Sources/Affiliation-Pages/E-0671.pdf,230138,82fced4592de731c8d082b0ce2d4177ec10e16a457875a1cca554d41de8d568c
Sources/Affiliation-Pages/E-0672.pdf,149467,c45f4bb4e9274a63f117a0182de7c8594d4204b7dfcfa7eecdc75ba88a02d693
Sources/Affiliation-Pages/E-0673.pdf,139966,fc43963499a4e1fef04a4f0d0e7b87fcaab93de301fd5951213311b7d014a1a2
Sources/Affiliation-Pages/E-0675.pdf,176037,f33dc5e31bc6703e376e078366c20022551b00767ff33929d87229cbd90b419d
Sources/Affiliation-Pages/E-0679.pdf,98979,c4be5bbcd34c80bf0beed1bf7f1700cbef248f5bcbf9daa148c5332328bcfdfc
Sources/Affiliation-Pages/E-0680.pdf,344178,b87b6b344586c85b9d60e71b94c79a946670a5e70a5b35db00a9ecc429fbd070
Sources/Affiliation-Pages/E-0681.pdf,37556,09c4fe19c261344ad3380ac2023d9c6d73269c64a46129b8bb79aa7c23d9ba90
Sources/Affiliation-Pages/E-0683.pdf,73223,21505c2263e76bd24148382d858f56aa4c31515bcb28a79cdb5f27796ad7fff4
Sources/Affiliation-Pages/E-0685.pdf,16697,029f19d89ac2226357b55f2f48a492f5d07f7e61d9e43df2fafb652add62ae35
Sources/Affiliation-Pages/E-0686.pdf,1839554,4bfcd4c740f239aca456a40321ec2d1304125d4bff9176b760727076cae65494
Sources/Affiliation-Pages/E-0689.pdf,111076,181478df6d257df31853f060d308f7a1eb2adbc51bac8833989eb67a51dfd198
Sources/Affiliation-Pages/E-0690.pdf,226038,a80004cc40bbd3afbfa2688fe4ef1065a6fc0c628334f372bc2c2b19cacecd01
Sources/Affiliation-Pages/E-0691.pdf,83768,cbe907176555f0a3e6ae44cd0d20d41e93354236c01d6c713424afcf73cd11bd
Sources/Affiliation-Pages/E-0692.pdf,124783,4101c1c34f81aaf9e00b00d009234decb31c18f113b06156c695af937b17f356
Sources/Affiliation-Pages/E-0694.pdf,92943,4fb651d09d6ad1b8ea991da8d79dc6ba65d4080c808ff99f28eac047c6c6d116
Sources/Affiliation-Pages/E-0696.pdf,96242,aceb59ead2d8b15e41b606762d59e0467d32712d28b6d07bbfaa947f342761c4
Sources/Affiliation-Pages/E-0698.pdf,35198,fe36e207e5dd48378effec0938fd14415f031bba295a5b6aa217809c49f1abdf
Sources/Affiliation-Pages/E-0699.pdf,168056,d06e2e4c327463e77bd0ec3e0f006e90ec67e93432423d8f49a967d7e83dfb3c
Sources/Affiliation-Pages/E-0700.pdf,75687,2bf3a627ccab03314586fbcc24c773734cdc8d7f112e510b52c28a350b73d83b
Sources/Affiliation-Pages/E-0701.pdf,149319,047d203fb218cc7a3d49b819aff59410cad6c463fadf53d8abb61f712f27cb3f
Sources/Affiliation-Pages/E-0703.pdf,84641,4f8823926d17653e87cb05528da5b79a36f987410f782532ca2fbc29a7caaa94
Sources/Affiliation-Pages/E-0704.pdf,316661,8edcb8ff13c15655146415b33f0ff51ccdb69832fd6fceb12b60c7dd7bb10da9
Sources/Affiliation-Pages/E-0705.pdf,115073,193ca74fb6f18ff21d9af9a731159d3107e3ce1873d21f5313a2a284a416f3e6
Sources/Affiliation-Pages/E-0706.pdf,27688,1b471e2179bbe58bcfc07eed5180063df0efe0921b53a7cb420c126ff28fafb1
Sources/Affiliation-Pages/E-0707.pdf,103709,34dc00c0abe140a30f76cfe99e45259bc8962b27505f9d3cc07a8ad5deb241e3
Sources/Affiliation-Pages/E-0708.pdf,129347,ace97a07cde5bab310f3d34b3a3e2df73d1c8a0bb7a3c16ed2214ba222cf0b29
Sources/Affiliation-Pages/E-0709.pdf,96226,f9aee8af0a089dbe8dad77379f03d7c5b71ee093d2892005aa712d2aecad8da2
Sources/Affiliation-Pages/E-0711.pdf,151324,e903afa56c2a7885bf7c3ce6ee8ec18a1094155c7012230b30e27867188cdbff
Sources/Affiliation-Pages/E-0712.pdf,81006,64d1dea6fd4192bf5a736b1e38e8689d9b5b9641d8d089e9ac0f7e2bb427e7dc
Sources/Affiliation-Pages/E-0713.pdf,98391,0eaedfb34152f2bee1608593071a96b1a24400b695e81b022ef8ad85ba650808
Sources/Affiliation-Pages/E-0714.pdf,146263,130bb299d854890e7fc563c84a869ad1aec36d1ca5255be7685c14e5a825fa6b
Sources/Affiliation-Pages/E-0715.pdf,74941,f7bd2a420395a6bd1eaccb6ff4baea9956d598dc419a08baf35a1b054beb3f05
Sources/Affiliation-Pages/E-0717.pdf,151279,083147516325c1b2785266c78090cdafe922c14d172ed688e493917e8bbca8e5
Sources/Affiliation-Pages/E-0718.pdf,47225,96a43d7fc8479b1e723c456978f5cd657935e40066e065388f02f382db4b6ba4
Sources/Affiliation-Pages/E-0719.pdf,175829,749ab572dd2393b5d23669f26635edad5ebc36cf996bee7f2316a8017395f5c5
Sources/Affiliation-Pages/E-0720.pdf,194448,441b0c7e9b61c55e719f461915f9535ab779c480ce322eae664dac8f0ab6a358
Sources/Affiliation-Pages/E-0721.pdf,84300,d78deab7050b4237ecb84c7e29bca29eff742458af2ec8bdfcb25ee2417ff5c8
Sources/Affiliation-Pages/E-0722.pdf,59221,4d6e06804796f89dd9ff33fffadd5f8d7dfcfb17a176a7026a0af0176a606056
Sources/Affiliation-Pages/E-0723.pdf,1004803,0bc87419883c54603a7c660df6538108112ae924904ee85f772e948289d3975e
Sources/Affiliation-Pages/E-0724.pdf,166166,860036a3e2188ed4cddd8785dfcf59d7fe4bc6f36992d2890bd4a9cbc9af2c17
Sources/Affiliation-Pages/E-0725.pdf,78444,df55ee1156465c26f8792f16297a129e35086566a8e26c34071b83bfb81532d6
Sources/Affiliation-Pages/E-0726.pdf,105893,5da5743d21524436e0a707f88a8ba7409bc437b94555ad0b5420fc43abe6585b
Sources/Affiliation-Pages/E-0727.pdf,282541,ed3303e4c94f8edb840b7ebfb63d770b468d14ed1c7bba6cdb6d8b94f79af546
Sources/Affiliation-Pages/E-0728.pdf,117178,acaf5432826f49b72d33a9e8cb62f461f383bb5b571af5dc17d14ccd7ac013b2
Sources/Affiliation-Pages/E-0729.pdf,76053,4c010a139108d3dbdef45ba5cd3b987d9cac06ed0054235756388d09cc3756ff
Sources/Affiliation-Pages/E-0730.pdf,46255,c2484ce3e4c1400406e624e9abfcdf06e8b296993811f07a0b5d5dee3bebca0f
Sources/Affiliation-Pages/E-1253-p1.pdf,283968,5e09575581d2b26d04ea3b43dd840eed597d6c12e127e263fddc2d627514dcf8
Sources/Affiliation-Pages/E-1254-p1.pdf,259880,3ba4a4cd194e24ddee954aa71030d83b3c398e0896ee67bc6dddd9b46fdd736c
Sources/Affiliation-Pages/E-1255-p1.pdf,387995,ddc1f6c42d853123b79a56244e21ee5b8eaf26f7bca0fc0d3579432b8dc414af
Sources/Affiliation-Pages/E-1256-p1.pdf,118412,73ada96fb65b10ec827282efdf0bb9c673889fab34db14bad59d971928d906cb
Sources/Affiliation-Pages/E-1257-p1.pdf,161949,cadc2c7c2fa4e7939150cde3a07e05e82858768d81b864df23330005be36e3b2
Sources/Affiliation-Pages/E-1258-p2.pdf,309295,018a35a09307ab968f2325c0e1c2989bfb701f91f9bd6c2c98abde5b0cbfd55a
Sources/Affiliation-Pages/E-1259-p1.pdf,962117,c58c47eed5ae839122884f8d11808003c5c9067cbf9f0dc75840e0ee23a5e1ae
Sources/Affiliation-Pages/E-1260-p1.pdf,177272,56c5828862e809fabd8c99aa6cb3f19158f3c9ba3e5b339e0b1dc685c4d2cbc2
Sources/Affiliation-Pages/E-1261-p1.pdf,62937,20c757b87fd29748cd3ccd5bea8a14c6598c4f23ac957d301641589e8642a2fc
Sources/Affiliation-Pages/E-1262-p1.pdf,102540,c747425962104d45aa70a9e5df64db6c777e87f333b508345d6a809350fbd5c8
Sources/Affiliation-Pages/E-1263-p1.pdf,2139993,e6a750675c17552fb889972f59a9057a00521fd507c1777e106d1a422d7ee965
Sources/Affiliation-Pages/E-1264-p1.pdf,223992,b70621ac1d115b470a313ebf213aec17876c5555f31b1d49280b745a57c07e1c
Sources/Affiliation-Pages/E-1265-p2.pdf,95775,d53b2be85ca424632d5b7d87cc78fc7c8621ac3a4df2d71c9d8577714f7e5e7f
Sources/Affiliation-Pages/E-1266-p1.pdf,149512,e72a51bbc8b8b5d0fe6cf42e8980d4b748a84ef21e93b9ae8bf9e69ea18a4959
Sources/Affiliation-Pages/E-1267-p1.pdf,253255,34bf08671404910d5834395176a60d3455cef6eea622ec34a44b691f612b24a7
Sources/Affiliation-Pages/E-1268-p1.pdf,62068,11ec5ec085ad868005abd13270a4455e2fbf22fd1f28b1929ebed19226fc7934
Sources/Affiliation-Pages/E-1269-p1.pdf,130449,080f7d720e1b6413b2f4daf23392310dc4f720dfcd392609efd02c86b4a39239
Sources/Affiliation-Pages/E-1270-p3.pdf,58560,977a5c3161110bdde5eee6a1289dc1f5fa95fbbb603f87f3532cff0a2bf91c1f
Sources/Affiliation-Pages/E-1271-p1.pdf,45787,0f6176822a863117d93e5f7aed7dbfbca72df6d8cb3e9a002e76be16c8e21382
Sources/Affiliation-Pages/E-1272-p1.pdf,762314,4843a6e47daa390ecdded5e5d15013465da64dd3ed8e448dd40734057576264a
Sources/Affiliation-Pages/E-1273-p1.pdf,318522,ba9d67dbba10b0cfda72294502e4a52f80f9ff87fa6d10c6f33966b7fece13e8
Sources/Affiliation-Pages/E-1274-p1.pdf,54238,0e685d8b8bc47cbe28543d216555cb77ea969a6fd3eebffa395ce111bca3be0c
Sources/Affiliation-Pages/E-1276-p1.pdf,83997,e27da9a3886db242f306eaa99b642c9f1a052518eaaabf0b68d7f16aeefee139
Sources/Affiliation-Pages/E-1277-p1.pdf,365266,15d4ec5297b20b287e79a41daa3d4dde00c416daad26750fd01830a8ec217cb2
Sources/Affiliation-Pages/E-1278-p1.pdf,50932,9303d342c476c76470a7fa97dae8c32754895f67c2cab39dfdb58c09b929ec16
Sources/Affiliation-Pages/E-1279-p1.pdf,82132,1b2ec5e74a7c7d35db2bc2c346cce29624cd36906974d13d6f603a70b642f090
Sources/Affiliation-Pages/E-1280-p1.pdf,113144,c78b437ea660801e97bf7ea5bb48ca1525a180b7f1f90c0c2fca7463caa4d001
Sources/Affiliation-Pages/E-1281-p1.pdf,240959,d6b373feee41a08176edf1b268d535365f2ce8c62d69e179c7264649271443aa
Sources/Affiliation-Pages/E-1282-p1.pdf,171797,55345d41190a30f11808e61e53511273068a50d95d2af6197725fc9adcd922e8
Sources/Affiliation-Pages/E-1283-p1.pdf,33862,e18e015a394d4ce7fe73e0b87e9451f46cf3db55e5dc58e3f706642e97a16604
Sources/Affiliation-Pages/E-1284-p1.pdf,195768,8a758d5b4a6652a0374fe619c5229114de89e8da9786da0f6fb8a54d3ba804ed
Sources/Affiliation-Pages/E-1285-p2.pdf,41630,8345de11bc32eba92988f88cd8076ebc1ded6913c6e533dd5a24b77eec246ecb
Sources/Affiliation-Pages/E-1286-p1.pdf,437359,9870ecf248288bb04283b88273392f04856eb770feba5e3db3c098b931a1aa5e
Sources/Affiliation-Pages/E-1287-p1.pdf,256675,deb2f2dd439d8cf4b0a76cc7aff422f090f5287d2c68ceaaca5068f4b5b58e5f
Sources/Affiliation-Pages/E-1288-p1.pdf,174721,35b62e27a2cb5f7e41aaeaceff71e1c84d08941f9a61f1561deb269c65ae347e
Sources/Affiliation-Pages/E-1289-p1.pdf,28014,f051d9d212f50bd6fa58ef7618cf86557dfd18b2c53a12a97e9ce74eb0fbb1f8
Sources/Affiliation-Pages/E-1290-p1.pdf,266852,e03bbe364415d18a8f09bddfe0282f30501c7773e3847d36f08a0ce718ef7a01
Sources/Affiliation-Pages/E-1292-p1.pdf,58491,dd72c3f318f58d03deeab7b165fefb53754d6f8bb3a7d1f54d6a195a097a18e9
Sources/Affiliation-Pages/E-1293-p1.pdf,198698,05430bddeb6a9ff63b220b4d9b5a58ce8915343b3dcb59cccebb5aa9c8860db5
Sources/Affiliation-Pages/E-1294-p2.pdf,61505,4a66deb100a9e05d34fbe3b86f1e045fe4e52110fa8bf8f7f55b36d19c25fb68
Sources/Affiliation-Pages/E-1295-p1.pdf,112536,dfabbba5691a5785d6cfce82b740fc02031ea46dbea92cd0170c9841603b726d
Sources/Affiliation-Pages/E-1296-p1.pdf,164146,0f701cd74c8de28970515dacf74fcf6eb2565833a2e101bc58c0db1c1727f384
Sources/Affiliation-Pages/E-1297-p1.pdf,123960,73b89f77133c9aea33b5b3a38e8d7be903bf9a17112e2a296235cb0d5f38ee5a
Sources/Affiliation-Pages/E-1298-p1.pdf,51950,310d7eb7a146b2db0f2ca546066d04b3616142ba685fc9e9d933edb63c76cc58
Sources/Affiliation-Pages/E-1299-p1.pdf,60330,5bc1f4abaca2d11f20a9d1e998d5a69bd55cd9539a863ac63508b4ec5c8bb834
Sources/Affiliation-Pages/E-1300-p1.pdf,84432,1effbe1444f5bc495b2c26f051e0e0e2fba414d6d631c847bf797f584f24ec8e
Sources/Affiliation-Pages/E-1301-p1.pdf,180566,00b2b55d33b618833ebd96e42f3195632a26c6ee37c2c1a92fb2cdeb809a8992
Sources/Affiliation-Pages/E-1302-p1.pdf,97010,14378a11e1e630e33564abdc1e6566092613f1ec005ca977b14a01b4bc6da1fc
Sources/Affiliation-Pages/E-1303-p1.pdf,91595,071c3c10172393dcbebe71fcf33187eca098cb7592967fcb1c7bb46230bfbfbb
Sources/Affiliation-Pages/E-1304-p1.pdf,63307,651a4649e0e63d4b123b2775d2b2da41568c80e2ac57e10d545187937f30f0d9
Sources/Affiliation-Pages/E-1305-p1.pdf,305715,982024cb679fbbb323ff01db2de10923835d74b9dc6a1dd87a33fa468c8ad9d9
Sources/Affiliation-Pages/E-1306-p2.pdf,111505,0883f779c65b5a14669becf78fbd22e0c03a07a7108e9f9041eab74382fdd10c
Sources/Affiliation-Pages/E-1307-p1.pdf,240915,618f6995922717f45603c45433bd0dbb6234fbff3e21c958336df417ccd254dd
Sources/Affiliation-Pages/E-1308-p1.pdf,85938,3e98886f33a0dc88f2501d30c24f1420792930e5625eb12417f4d791597cd1f1
Sources/Affiliation-Pages/E-1309-p1.pdf,170634,d7a6c8b175d5fd1ccb13e09a0bf7c23c9a530c85335f623784e6bfeed7791d2c
Sources/Affiliation-Pages/E-1310-p1.pdf,5236,6359283e1bfe33042e4a6fb87e682c29f17d6d788a3d1ad9637b1ed3a19e0e63
Sources/Affiliation-Pages/E-1311-p1.pdf,155049,258e3e9c8d1d6d90b0b8992e766716bb3aad45bb3b22ee26c522a53e0c77cd9a
Sources/Affiliation-Pages/E-1312-p1.pdf,106990,eb59788d4b78fba61aeb28d55063be1924276d7bde842b435ed8c16138c07eb3
Sources/Affiliation-Pages/E-1313-p1.pdf,60792,6d95973b59311e4aa928a9e44471692c780d62eb407513286f67113572b9d1f7
Sources/Affiliation-Pages/E-1314-p1.pdf,462769,20b0064260f69bd5b2572fef3ee2a3922a3764d4767825b13743ff9115143ed5
Sources/Affiliation-Pages/E-1315-p1.pdf,169309,cca8785a41d4a223f28d34ba2e39fcd4b1ea17598c508ff4e2fb78f6c38f6f2c
Sources/Affiliation-Pages/E-1316-p1.pdf,241944,9850e169ced1e6eebf3b8649d1c82ed2ff0938cbc2aa5a0ff0869f1dd6976e63
Sources/Affiliation-Pages/E-1317-p1.pdf,224551,391fb9e114a8a2a494d35570a09ab2908be008c2c082c4a8df55bed0be0e47d9
Sources/Affiliation-Pages/E-1318-p1.pdf,64460,df00585abf86d3de986d4cd288f3f53bce2ef8d009e529d64ea1e3ee7b5bffc4
Sources/Affiliation-Pages/E-1319-p1.pdf,143144,14902386b75f7643bec83c59f739156fd6135f32b9aee0b9e2653041e18a867e
Sources/Institution-Locations/0030bb0b9ae3.json,51449,273a60a9b27ffac27823121192b398d38cd6bc209a423e92d97360f87f361c35
Sources/Institution-Locations/009d49ac333f.json,49749,16d2bb36c8279b3af354feec49aacc796e08d1a4a324893730bdf99bf7629b37
Sources/Institution-Locations/0386721f29c7.json,61115,c462871bbc2fb9183e56acab7c434761382595a4b1288c97f7af5fc9e4e60cba
Sources/Institution-Locations/05d3c776841c.json,47653,f82b4ec0941f4ebeddd29e34c8a8e7aa936eed20ca8e5cd2c0de7cfcc141726c
Sources/Institution-Locations/08574431c00d.json,55762,4adb075543fa78af3120cd63d0a5541eb7641ada0986e8407ae010da3ad316b4
Sources/Institution-Locations/0c404289d60a.json,48254,fe6975dc75dba8c7009bcbf37a36ba0755726576cd6f03fdb83474ffeb99dd08
Sources/Institution-Locations/0ed791e539e7.json,84390,90d59366d7e8ef17df6c562fddbc8e5f47f1cf8bc792097fe6116e2f2e0339d4
Sources/Institution-Locations/0fa01dc57228.json,51188,388c0b9f2671cda1230a596e53deeb42cc0d1ddfa1ad18210d7117e170f719ca
Sources/Institution-Locations/0fc8e06f71d7.json,60421,bb97b63d0ba4b238ef987bf389452dcc3f0f9f4a6a0373bb6be8e46884fa3605
Sources/Institution-Locations/101301b5ecb3.json,54456,cd1315444a12508eb7f621ad5fe4ea030df700cb3178b925d9b54dcd300d866e
Sources/Institution-Locations/102c49fc1704.json,48172,a215ad1d4117db33e23c6c5bc6f72e62586f6174ec475e8d0089b44ff38c7596
Sources/Institution-Locations/10d8051035ce.json,80765,3571bb25b0c9b3c168fb4ccfe83e703982e2c42190ba70063c90a4caa4e3857b
Sources/Institution-Locations/136de5f93f3d.json,52494,5f422f9bf95ef00d3c5675329875cd6de21e4c83d19c1c60341bc9729ff98cbe
Sources/Institution-Locations/153ec45c3168.json,49987,45693d5164e59caff2826064154805d095f321532b8873ad9dc08446e9754ea8
Sources/Institution-Locations/169dba895876.json,50895,f9df68aafadf64f93c728b241edc4af3189e1abacd859eff5f50e89906725f0f
Sources/Institution-Locations/18dd08a7f9b2.json,58828,86f953e16566ad0623810c981072e7aefc915ce123fb9cc2c687b916dec13968
Sources/Institution-Locations/1b7fe32228e9.json,57935,8f0d9c786e65d4d5cb40677b5d9caf5a11bf82a9a3f3bd5f0351736fb62ff984
Sources/Institution-Locations/1ce5debf9ec3.json,52020,cb7e1030dccc7b565d90873f81d7c4afb40bf9a7c0fd625eee583d88a3664db7
Sources/Institution-Locations/1efe3fe27f6f.json,45186,8f891ce02624065dc739dc6b02c78cff1a4fe712fadbcd993725c2ceebc1fac0
Sources/Institution-Locations/1f67e4dceabf.json,58339,63fe6db84c043a93ee1dc810f81297538874a325ab50446cdc07bb97f4936a31
Sources/Institution-Locations/20b78cccb582.json,97801,64a35aacadfa9635612cd3e2bddb42473cfa3fb11e1506dee0d15d3eba8b6c79
Sources/Institution-Locations/21e31fc423ef.json,52300,ceacc4617fcbf2cf7401b8f4129db380a7dffafecb34e224256e28612e2493f5
Sources/Institution-Locations/266127c4f3a6.json,51709,8277b28a485cea7afe8ff22bd0279c3c0f1d457447873334da269c65a99c10a6
Sources/Institution-Locations/2721d57bed0d.json,49540,6b77240d27eb21722763bd006ade526a00fe029ffc93a337944da7cc03bbd7aa
Sources/Institution-Locations/27faf32e46fa.json,56977,a0d5ad68ccb0bed8cb7fa2b51ff84eec87095960aa527c17902c3054d4e386a7
Sources/Institution-Locations/2cfed6827482.json,51110,7732dd68d73fb8eb1700976e49e111c26c077909dce37d0a3ea43bd29b06d8b4
Sources/Institution-Locations/318dea31a8a6.json,44745,d67c0950e356a5fd09d9871f9f136c46c793c7cd9399ab78af60b40cba82fcb5
Sources/Institution-Locations/338b5de5129a.json,48296,21a991ba22764dd3f17640a8f2da39eeca9c045ee9fe422109d580c717674061
Sources/Institution-Locations/34053956d1cf.json,61594,993e2ba309014faa7fb8a79d1b2c217f4a037e295d0b0ec1239e0c57c99db77c
Sources/Institution-Locations/34d02e021659.json,57294,be2d6c279b918a1dd08449baae9868809e0a6e1f142f519fbe6f2a91114a0136
Sources/Institution-Locations/37f27d24d351.json,51178,155c14ab20dd8e1a0f6541d4b08fe1813a6c86a53b9eebda744d9b0db6e38c43
Sources/Institution-Locations/3b14d3cd44b6.json,48204,f2c09ba15cab71ed4b542d5b3d084064c9fcd31a10893f02c6560d2b83a96a2d
Sources/Institution-Locations/3bb9143ef1c3.json,53124,81d27f5e34ace1de005d298650c999b8d0e139711e200bce7f4fb2c18d9b5563
Sources/Institution-Locations/3c53c8aeb270.json,52434,320b995d5e32b2137eaed88639e7316c2a79a99830e88107f298b5621269865f
Sources/Institution-Locations/3e87b14a2977.json,54575,e0398ea5dd0a5b0195da0c661f309176fd73079866dfbfc2fc57125457a0d11b
Sources/Institution-Locations/41292b6fdc30.json,56201,266afe182e447e1865f17429fbb6155739275b8aec3f3f5533de62e1373ba671
Sources/Institution-Locations/4818c1881a7d.json,61654,aae6dee5b8677f6d6c01f99fd50c1895055e9e70c8e004f6af599dbdc4076100
Sources/Institution-Locations/482f349a711e.json,48425,80d4e3e364cd3b9c79d69929abf8cf1140d2313280ddb3e2d182cc6f0719397e
Sources/Institution-Locations/4879e2001dec.json,98820,e61f2797af24b8353737f316a7a3892485bbcf3bcbf7609ea451d78e27c6fe67
Sources/Institution-Locations/490962c3ea32.json,47794,edbc4544a9315b88405664386914b136cb5942189e2a58266e6685973f51d861
Sources/Institution-Locations/495f70de30ec.json,47486,97ebe002c5f74315caa0e0ee40b33305447d583f5dfedad91c0a6dbe38443303
Sources/Institution-Locations/4c315e8ebcdc.json,48653,5edeb57408629ca74cac9d647f8b22fd7d4db4964fc4ddcd40b421350ef6b031
Sources/Institution-Locations/4cf587e9fa14.json,50368,6608b263b87eab0caae98a2fde0f143f0892a9b1c26c4c3953fe701452f7bac8
Sources/Institution-Locations/4d06b4079093.json,46821,b6bbe6852993c0f0788792fc093b0aa9e7b538d6afb3a8b49ca696c2416cb542
Sources/Institution-Locations/4d84728edfc2.json,50741,80cfd6da7b8ec5dcce42e688f94785c7cffcf6578b52821ba295e50088ffb9b0
Sources/Institution-Locations/500f94fd3ffc.json,50036,7fab7d335df260adbe799dd7c42a6d39360ec2d6506a347ee72064095b2e9165
Sources/Institution-Locations/5017c45f94c6.json,45204,4c9a8eea7a5f08e42b9a0566313ba9c96826aca14d0acf2148ae735e32e41fb1
Sources/Institution-Locations/5c475a175e30.json,62100,9d6d03ab12cd5e0cdcc1628c96540cabf265d6acf152935c0710129e4aa8da67
Sources/Institution-Locations/5f33950c8d6e.json,52431,afc83e42e2d84fc66884a82cfef33265b8fe14ed8fb27ef85a79ae880155dd62
Sources/Institution-Locations/612a73a65675.json,48542,e780e9ee551b94726f5d2403e6b0d0871daeda1fbfbef935fe832dc30a6e2e06
Sources/Institution-Locations/63e3d04ff4b4.json,46691,e682329e02042598d0b038380b172d71b50f952010c0bccb7b64318558ab4ccd
Sources/Institution-Locations/677adfe6b9e7.json,47690,a361a01feaed313421b1afca0d98c9014b2ece7735abc5bc8f206df7f8dc5417
Sources/Institution-Locations/689193f9d04d.json,52837,6531c8165292c669b2c0c948e59aae9a876f97085a17a3d80adfe6f32b624575
Sources/Institution-Locations/694ac7ce9857.json,47327,2348c9014a03f7a14c027e09293f3483663f09e25341b9ac160683a7c4d67ed9
Sources/Institution-Locations/6983b147705e.json,62761,e6ba14bb44276877f56547733d3dccb2f3e9303f56f53125239b14d174111d5b
Sources/Institution-Locations/69ca46c02636.json,52498,f440a78aeb986bf7652a3361a4467e9a8130aa7a85e5c34feb550ddcec8d78bf
Sources/Institution-Locations/6d2e30b6ccd3.json,53017,2af7b2a559f3b18c5eca331c5a8d0fcc4c2a083b3fcb0314af7f94e3362d6dd1
Sources/Institution-Locations/7047073952e3.json,64231,6fc0cb627f66ccdd907bb021a8d0a013cc8733147bc59bfbcd70c567cecc84b4
Sources/Institution-Locations/720059d60903.json,48841,13e691d0af62a8a5e9903ec717f098498d40285d952bb001e394c2c8e5eea32e
Sources/Institution-Locations/749651d49597.json,52077,9b76acd0c7bb488a9d581c341f0b21f2a9d59b609ab0d1ff47596fa83f6bd534
Sources/Institution-Locations/76978100340b.json,43089,feadd3d18731c85e6cad2bf0cdbd6901c685e5ae68139a7380b1bec9a4c28e1c
Sources/Institution-Locations/78409c398213.json,59056,398a3fe464ea5dbdf7871d74c16421810f6507b147d0ab3ee204d72d795349e3
Sources/Institution-Locations/793128806f78.json,41624,7f7fa2b4cf7a15f9e3cb9e903fe8c737dc3f444c64aa7c558d6028475a307ae1
Sources/Institution-Locations/795157b1b08f.json,80231,e17ec1ac2c93fc9a55df8adcf49ef00f0db3ee9180a4c3562cc2577ae86473ea
Sources/Institution-Locations/79eb2923dfd7.json,56748,3c2e78da0c7c14aa0012548c02fceeae134a04bcc6fdb11876519069cdc9e105
Sources/Institution-Locations/7b2da1c8b5c4.json,50039,a00213557f75c22c2f66b875df0abbbb400fd1b580f4a7c1917a8ee7ec488485
Sources/Institution-Locations/7b41bef7293c.json,49765,8006222b94431bcf3ad5082522c7588fc86bba522b7fb443c840b52face059d8
Sources/Institution-Locations/7b5c0e184bb5.json,58536,9fe7f3211875b15c51198a5e3d81aa52e9f85dbb4dd0789e44acf6bcb048c4d1
Sources/Institution-Locations/7bc89900498b.json,52380,b66be7b0121693e7d402f9a84a4530e88b9dc3aa16bf32a60aeb2941cdd02cbd
Sources/Institution-Locations/8100910b230b.json,55322,c0e3f951f1e2e44ddffdb83f93d41ecd8b460fcc0f59d57355a56e991b9cc599
Sources/Institution-Locations/8429d604447b.json,52567,9203b87b9b6c92b3aa7ec94efde976df75fed1e2879d80a03c4db684648996e5
Sources/Institution-Locations/877a9cc12f1f.json,50223,0d7e1de2fef5683aa83942cc7f2eebb52765e7cd56190b7b8dd0ec9e130e2da8
Sources/Institution-Locations/88293fa677ea.json,53176,12f61d99590e2d540375f9d82040aa81c3caf5b0a30a8a30186700a146bfe09b
Sources/Institution-Locations/8a25d4441b5c.json,57005,f77d41c3d6dd1c539f33028b6c740112b6d0c1c9cfeb52181844495c39760f4a
Sources/Institution-Locations/8b5fb849da1f.json,51564,3dcbc4f44eed7d2603d8bb0ad55673f88064d5448a54939136d87bde3021fc46
Sources/Institution-Locations/8c23bf2718cf.json,49390,c3f7532fdc3e077a12fc5e04d189729f0fa025a27eeb82258722cf9aab5c393e
Sources/Institution-Locations/8ce642cad7d6.json,49414,31e7aa357cfce2066e1a9ac169f8a1ccc7c154472fb0dbb03a630774d2d6430e
Sources/Institution-Locations/8fbdf4ba9126.json,57470,fe38d0948faefdaab66b8f3b4fcd6df3f1d8da3e8ee5d527dec290245459c001
Sources/Institution-Locations/92c0979654c1.json,61085,5c51ed1b55bea1c21cd704c0a5e43faed62b990acaea994384c3899b0978e37e
Sources/Institution-Locations/95554cb72df3.json,48403,3145c444b8aa1a8717fe422e558fac0c51df6ddb4ec60ae7e0bc9e846eb6bb2a
Sources/Institution-Locations/95c2779f2fbd.json,56006,6ae88c5f156951f90827dff3c09e291123c49cfe1d60e6d63f35990c86d7cc51
Sources/Institution-Locations/9e18f9c9f910.json,15734,780bde1f06dd21363232bb056c3a76df1a380d1a3d36c21ecafabd345c9f4a9a
Sources/Institution-Locations/a12f256618bb.json,69568,affd68c1ed0d50f1bbd9cda8d7fc42ee342ea00e474b18f9a8120d2080fa3141
Sources/Institution-Locations/a33a3eb8a274.json,51735,2a69fe40e6ed5408c23dc66cc49962ea6a50b97caf248a896a6ae448094ea4cb
Sources/Institution-Locations/a69c8b8ca62b.json,55413,3daca5e3f10f362b793a789f5ff820bbb248654506e58ecad3fcb84d07d22307
Sources/Institution-Locations/a6f938c7d697.json,56164,b032f64a91b3ca4282c6dd3ca8e5e5a961956443bccddb5db40c958bdc532437
Sources/Institution-Locations/a8622347c9b9.json,47025,88f75e5424a7d4f2079c80d7ccc216cdb54bdcace3425b4ec93f57ad61221120
Sources/Institution-Locations/a8de9d39913c.json,99978,65cbf3fc647c158706bc8f2b9d372fad9ac4e2bf008d64b67aff311957296544
Sources/Institution-Locations/a98171b071b9.json,48857,c5a1cc56799d9abe3c0f85f95593315df77756cbc8e36cb027a7f36c8655ab71
Sources/Institution-Locations/a9b2ec4f3e6d.json,59538,4045e22a2777b237db9b8220c50b0494ba542ac8d0af179b68677c1194f5c5ae
Sources/Institution-Locations/adee38e2dd5f.json,55588,49cd31651081ed159ee34ac25d9600222e40a68061da49422333cff42b92f4b0
Sources/Institution-Locations/ae229ad3284d.json,46476,ba5a9050d3930170a754301e1f86f8a62bcfea65c6aae26f12020edafe7883b7
Sources/Institution-Locations/af3432eeb9d9.json,45821,01815b8345f6e00d0c106c7364f04bc6c33751d7a574b51b0ca34f89c30f5d76
Sources/Institution-Locations/af39a57f6b7e.json,51773,62df0f11773906b2ce1e30c6ae1a5de7be84f8d287acdc885e1a3e1e70290ebe
Sources/Institution-Locations/b3351c0d856b.json,52598,3aab985af03834a2e3ef02bdc722baa9c8d55a2eb7c5c2a08b18c48abe87589e
Sources/Institution-Locations/b76997f3e58b.json,49714,0d92925582faf5488e05cb12fbc8ac8981db37366e0f92ce436280a0c95ee364
Sources/Institution-Locations/bc6fc762326c.json,61007,0601e735d0b0528eb2bb384ef2c0f0a4990da56af508338f63a2a13e5fe0cf4c
Sources/Institution-Locations/bdcc94a0fb30.json,64115,0ca78a8af9a6528daee2b236abe0684e094ba1dd10a5bb78ae91d1b71c08bdee
Sources/Institution-Locations/bf4e5164614c.json,55061,63ef422e026e09ef759da5469be158ec7e18c0c7e24819a740e6b5b2a79bbfad
Sources/Institution-Locations/bf9cc148b1dc.json,51725,e95be0d2cf22f97d4a711e249e06dfccc6eb1d6a8ba75ffbd1cde840bfd440ce
Sources/Institution-Locations/c3307be5e4e5.json,48835,6b1199e6b88b9209cc3b38b6266d29a25d8ab3a6b75e9134cbc4efbbed4562c0
Sources/Institution-Locations/c3d24dae34dc.json,54023,ad01118bb6956e72a0a9f21a1b12989a42816a2728c99d94ea09e9244f0dd652
Sources/Institution-Locations/c69128b15804.json,47063,a23b336ecdbf1fee73c2d122fcce2106edd28db79cba42daaeadaf00df9e163f
Sources/Institution-Locations/c9f25d2b94a1.json,50862,6fdb573973762bc382413d470a7e5d22978c05ea32f586b3f2e180fb5e01cec6
Sources/Institution-Locations/d0da9fb4e14f.json,46468,efe5086f02852815e664956b748a26849e5ff5e4fa0650b8e74d0104de49ae26
Sources/Institution-Locations/d2349556aca5.json,52831,64a9becc10bbd65ebe2ecc66c6523eb595ab79f50466ef78de241c70c8e1917a
Sources/Institution-Locations/d3ce4503279b.json,55568,30f1411655063811d07f476362025d73c7134eb8354e616a56703ed4a0754c2d
Sources/Institution-Locations/d6810f8d1172.json,51974,820e873abb655bc256e6ce21bd4819077a7f9f3995238523f1472511880f71e6
Sources/Institution-Locations/da229ae3ec1b.json,48563,812f80f08c1184967de9e552eb8f9f3f101814be845da94dbf89c7443adf4336
Sources/Institution-Locations/da405023df52.json,52547,e0261e46c8641d43fad579012ca93d23e942b51779a772219b54fa56aabd12dd
Sources/Institution-Locations/dce962e41084.json,46622,9c73ed619c5db6f46de971fbd024082b8dc1be9b1ca89b2a89b78956aec21654
Sources/Institution-Locations/e217332b8b4b.json,49678,0dff1857e22d0e3b147e70f14ffdebd3fdd8260f1773e534fdbe36398e1aabfb
Sources/Institution-Locations/e7ef8bbd4fcf.json,57743,273caca0a93950f5c3ff67c606a32e9118f5498ccba25e9ddedb393aa088a781
Sources/Institution-Locations/e810e5792128.json,49996,b5203f1d9c5e4f6ffddb4898731329d4134de8f5d3cfa24ceee81d3cd499d893
Sources/Institution-Locations/eb8eb603f67a.json,48910,2fd52cdad32d93aa36f7ddb9142ba7acfa28a2bd957dce0da694cbffc82d7f6b
Sources/Institution-Locations/ed533522bc74.json,53152,88ce8cc16007dbe1cfc7c898580672e5e328eb916c7395101a1057240a32097c
Sources/Institution-Locations/ee3ca0dea7f6.json,61187,d7011b854abe373e06193c0f8a8a40ac5b39733299907e8a79fbf6e61e38b7ad
Sources/Institution-Locations/ef31c895002a.json,50859,d800aebd7fc81826195e09732f19b515ef0f00663d221ad0136b3cb24fd3e2f6
Sources/Institution-Locations/f5d5b2862819.json,52282,86a41fecc31ae9bc816cd6cfab993610a518b85ea4bb3d4d2b723f972c429761
Sources/Institution-Locations/f5f2d908a418.json,54667,e2bba4633e4b041fe6f0c8b4aaef08b593dd265e4a7634d65c3427c71753a60c
Sources/Institution-Locations/fa54a794eeda.json,67840,919948d5814fae8b16e8f89c1b161fbb0ef2371a53a3e48fc96dc9da9e240e7f
Sources/Institution-Locations/fb9794bc6726.json,50392,fb3452621ad0f86f25f259940b1b793a723cfd6980b90db6ca40b772cb9de607
Sources/Institution-Locations/fd3a1051f06b.json,49400,7fae96fbae3d94525d92eb66c0ac32a95b4697c6fe0b4d80013ae2f69dc6040a
Sources/Institution-Locations/fed7345f839c.json,49240,5258720f1bb5a41ce7f51e9ba260dcd3fb3f1e1975ff647a8c97300cc5e0db63
Sources/Manual-Geography/12f22c8ef61a.json,51563,e6dfaeef623be40b505519435a89355c6c2a5a027d313374e7d18fb11ac3908c
Sources/Manual-Geography/2c687baa6b3d.json,47798,b53619f4f1c29007135769f982ed5048f71b9dcc51a94ed417233bfa060d5665
Sources/Manual-Geography/513241526dd2.json,52736,7935db795e98ddd041dccce4b7d3aadad06a8c4217a4d5b2525246ed7172fbad
Sources/Manual-Geography/a9b2ec4f3e6d.json,59560,7e8e6744ab41fb87eb8f27415fa337cb664421b854362cd5c1f68b629512a10e
Sources/Manual-Geography/b0caca93d42e.json,47055,b17fd0b92ead386b3070a675c81cf2e35cf5e077a6080f942f247d8995571c9e
Sources/Manual-Geography/ba77fc4a1eae.json,45701,1e49620f88a89f6b949cf29eecaad92ddcd5946194b5ea8172da64dba1187f2c
Sources/Manual-Geography/c16524fc0e5c.json,58203,9da30f376d2b3d2d52ade9808f9a92f4494ea110e5e84c06797d5075cb280525
Sources/Manual-Geography/deb11806b955.json,46967,44fda6dff2bec2326534fa631eaa9726463dd1dd1933b8deee6f78b45653fefb
Sources/Manual-Geography/ee1cb6f81638.json,63663,35003753b697ae50e61db448d4ba075cce7b197bccde0a3ce41fad47f9c49d08
Sources/Manual-Geography/ee959b5423a4.json,50559,95a8b4837206e719f069000c4a0e691857881309bac9cc7c18d58a61590e1249
Sources/Manual-Geography/f9476016f29f.json,53428,076b56f1c15cfd125e0dab6adfeabb36da22ff99543faf09bf3f4d3f246c4861
Sources/Publication/E-0323-analog-crossref.json,7180,e4927c6c88b54c0a47c9f3936e50161eef7e4c09b5485071361b77f5d2050ca4
Sources/Publication/E-0326-core-emnlp.html,36525,50b6602270a40f95aeab50c38ad3eb4262043d3e711f376f1c36b6f936e60864
Sources/Publication/E-0328-core-iclr.html,8348,2290f308be69174df85c4afe110a2118199cbb00c2e9b3eedd7b761bea3606f0
Sources/Publication/E-0329-core-icml.html,17179,d629ede74a43bc8ad8cf3dcb82d3d70ddf8c50b633b63ec4281692aa36afd0fb
Sources/Publication/E-0331-core-neurips.html,17203,6747f51cd9ddfd3790222406628345c1e7af2a896ba79fe22a48b6cea46c81a8
Sources/Publication/E-0352-neurocomp-publication.json,94522,c25d352999b89781f9cebb81539821f8c883203f0dfb561a051e878badda8d56
Sources/Publication/E-0585-core-eccv.html,11464,7016779f7627e6423fc8efdd41537c7e0026ff72400218bdaeec95b7c40f0737
Sources/Publication/E-0586-hmq-crossref-retry.json,20216,9d4721a9eca9e8b021ff3174973feaa867e86915e7f0cd68ae83a0dcf9932cbc
Sources/Publication/E-0588-pll-crossref.json,9673,1ff7760fe33a011dbf198493f3ae2e4fc189291bfedeca44a2334fb4aa82a3b2
Sources/Publication/core-eccv.html,11464,7016779f7627e6423fc8efdd41537c7e0026ff72400218bdaeec95b7c40f0737
Sources/Publication/core-iccv.html,13184,f291982114d4c4ad85aa246707ce0033c4bae2153ed4adaed997c8e38114c27c
Sources/Publication/core-siggraph.html,16551,c7341b581fde814390424f3d019da23e5427dc7373e24277921e7bab6dc7965f
Sources/Publication/depth-completion-crossref.json,9774,9beb5f42d6172f61f9810a4fc50c6e43056a87e7dd0cff638ae40abeb9d11a38
Sources/Publication/hmq-crossref-retry.json,20216,9d4721a9eca9e8b021ff3174973feaa867e86915e7f0cd68ae83a0dcf9932cbc
Sources/Publication/hmq-publisher.html,322520,5284a67f1e07fab633790f8fb21519177e04ae8b758079344492c92f9ec8bb5d
Sources/Publication/pll-crossref.json,9673,1ff7760fe33a011dbf198493f3ae2e4fc189291bfedeca44a2334fb4aa82a3b2
Sources/Publication/pll-publisher.html,290312,ac944856872fa9fe243956f55b904f4fd18dd58ad5d485b67f8fcb7c41866476
Sources/Publication/qw-net-siggraph-history.html,168630,4bcdb0bcd11ed1c26fc6968b181fb90e0af0ca8aa7a31814c9c7d676d396c19c
Sources/Publication/tiny-transformers-crossref.json,9464,eba84fcef78d0c0ae20ae561f035af5ae3e0b85e84d4fa843e2a559138303f0e
Sources/Scholar/candidate-analog.json,6849,4a72ba3c52a0203e275599faa3df52a138f8429598ca6b0d6e4af8a3a1776439
Sources/Scholar/candidate-depth.json,6937,877e97f49b80b0e2e2ef96cbcb0d995eb44636e63cbe114d7327c4b5631fde5b
Sources/Scholar/candidate-edge-alternate.json,6699,15db49372a4b821b94b832912ca0c96893d0c5b3d4b77d221e661585ef3dd4a1
Sources/Scholar/candidate-edge.json,1639,48b9fbc2d5e69b359b1ccd2f426a4901d3c3fd79a2b02c89cf32a51318d00608
Sources/Scholar/candidate-hmq.json,12449,ad8251eaca9979a18f3a6ac72b1de6ce0202e250854d6d75bdd1c30cb660f39d
Sources/Scholar/candidate-lsq.json,11906,b005f6b10a94b20d1e1fcebe0b51f1bb92136ca7de130347f9815fba17cd331a
Sources/Scholar/candidate-mixed.json,6374,8c31a69b4386c733f30b39843bf86fea683e9480c52c3f9f8a1ef1ddddcf6b6d
Sources/Scholar/candidate-orthogonality.json,5199,d667e92b523199d0d1e644665460ae8049e49ecfc12d91b7e0a146b46de62336
Sources/Scholar/candidate-qkd.json,19890,80c65ef88a4c66acfe799a0ee18c41bed7c1d01dc0024d61f2e4edd307c6993f
Sources/Scholar/candidate-whitepaper.json,21278,b33720b1abfdc149ba0c69929996673163a5b437f64942da7c48ced5640b01f8
Sources/Scholar/profile.json,20676,ae396cc7285ec0b5ff4fdf006273391c0c334cfa96fa7dadd664da0b917fe337
Sources/Scholar/pub01-start000-alternate.json,72234,21200dd571a96565bf6d85ce6445bbda3a08485f37e23b4f142a03feec407b4a
Sources/Scholar/pub01-start000-bydate.json,24825,00a519503f07294d1267d52d701658a203c40fc19d61bce7b346dcedb7f87bea
Sources/Scholar/pub01-start000-retry1.json,73003,2179fb0743af46f06f9281487a9c245291068b8917465fc3abc3c0e32af0e18c
Sources/Scholar/pub01-start000-year2019.json,5824,19eb0a2581d888409904f42462b90bcf7b587945a95f86118bc624707f37ee56
Sources/Scholar/pub01-start000-year2020.json,7880,74d66454fd9737d2f091f0113284efa5bb73b7e1f63dec9a45a6ab195c4ed5a3
Sources/Scholar/pub01-start000-year2021.json,2234,04c808695c6b7e8985330addfe117ad29d271c2fd97b4e5f1472b12f2aa210a5
Sources/Scholar/pub01-start000-year2022.json,69671,75f2ea01e78712c3866cf3750be8fe5a3e223505dca68b51b3e8ff4527fc2db1
Sources/Scholar/pub01-start000-year2023.json,72479,96801edc566abcd6442b5a977eb7fa8eb1eb891f2c1c49d56da1d5f794961e04
Sources/Scholar/pub01-start000-year2024.json,72633,ac01662a99ea4628e33a01ab43580351897813e3f4d28246d51bf3672a1c1e81
Sources/Scholar/pub01-start000-year2025.json,22293,a3b3e7501db648b6ba9feff4c4d248ae5b3bf03f240cd22b1ce107344b50ff91
Sources/Scholar/pub01-start000-year2026.json,39186,db7c01609d2b8834df658ae3d82a114242c02b6955c99cd1cc933478d5b79a8a
Sources/Scholar/pub01-start000.json,60364,06476b49779cd55bdff4155cdc433fd731715e6dfafe67774d36a80e25b0fdf8
Sources/Scholar/pub01-start020-bydate.json,2290,f4cc05969b04d10597577bc6bb95e42ed962eccf8bd1e8ef032887496b3d1315
Sources/Scholar/pub01-start020-year2022.json,2064,1a5554d1cb8b8c1feb45280ecdbcf31c83b3913a8e260b0c0e451e037129bdb1
Sources/Scholar/pub01-start020-year2023.json,2321,162965b0a7810a9817064b88200b8e46e2e3787afc897b3c28478706e5dddfa8
Sources/Scholar/pub01-start020-year2024.json,55189,672cde94b395bb2d67b7a944157b7bce60360de88f851b2f7f95957c11d7f8b3
Sources/Scholar/pub01-start020.json,72976,d6cb847a17d760ed4e7df8ce11e19e57cb6cef39b1ee024e663dc6d4a6124d23
Sources/Scholar/pub01-start040-bydate.json,2290,fcaf1ab7447014d551701304a38e98e26def2d9a530b570fb0e6a87d7c9b76db
Sources/Scholar/pub01-start040.json,71935,defa6db8625db3b52df11a62f511dd49e109a39e49a001ccfb21007ff9b16d77
Sources/Scholar/pub01-start059-gapfill.json,68258,5142561dd327eba4c78ea073118b4289d748aef1916e9c65f7c81d8e1f9171e5
Sources/Scholar/pub01-start060-alternate.json,2000,ec485a3b4c11e12df0ea2a31c55afd355988965b4df7373f52e12c2ce8983643
Sources/Scholar/pub01-start060-bydate.json,2291,791f78b585c1ae9a3607dec6fc4dc7911cb9b3cd37d640169d2ddb7f303a16af
Sources/Scholar/pub01-start060-retry1.json,2118,584c17ee8b76f65a021164df4e7a34b361f165c2c8d4a10bf285ea38d1d1383d
Sources/Scholar/pub01-start060.json,20200,8657e59d5948b8fe10ceded03fb52230aebee969825181c77a8032fdcb97a85a
Sources/Scholar/pub01-start080-bydate.json,2047,bdf0afc8d00f24f7f55b7da894fab66a21f99dde88a6c582c8ca48fd48b4fe1f
Sources/Scholar/pub01-start080.json,70263,6281f119bb73c8f6d18f9f2fb634dacf4a93b556f4047f8687a568e6e32e54c3
Sources/Scholar/pub01-start100-bydate.json,2293,825d384ef8dccc51a816f25885bdffe0f90af4726dc5fad44e31a361e08e7d1d
Sources/Scholar/pub01-start100.json,69314,5ec947533b2fccb7880209551a85d370d5a3771aeadcdbbfa313905f850856c8
Sources/Scholar/pub01-start119-gapfill.json,60716,7e36df1f88baddac1784964eaa27b7ca7a5b21abebf6b747566239d77b8a6cba
Sources/Scholar/pub01-start120-alternate.json,2003,a5fc1891923d7c37233811e5356133c4e83e94883bb4ec7ea4e99125162fda86
Sources/Scholar/pub01-start120-bydate.json,2050,179b417f6868521ebc802d0f6636b2793bb863059d5173151d5a7a4dcf7c31a0
Sources/Scholar/pub01-start120-retry1.json,2121,01dcddd8158ef065fffcb00f727e0bdef092adac0c3c060383bc66b7ec0bafb7
Sources/Scholar/pub01-start120.json,2097,c920a4412ba4e7918f057c00e2a61a912621666963bfc402d7a3fb21a1001777
Sources/Scholar/pub01-start140-bydate.json,2294,d34eca9f00584d33936e855994fecc24eebc48fa561e857d1368bc2e00c3ff81
Sources/Scholar/pub01-start140.json,62641,fd8d11af3182eb00ab9379b35a05a2fe4dd9b92a3c8f57f19e269db3f079a3a9
Sources/Scholar/pub01-start158-gapfill2.json,1956,babf68e0bf58d71d37d1d161e7f1c3785d24b00f95d9bef64e7e608d0461727f
Sources/Scholar/pub01-start159-gapfill.json,1956,a7477212381084419f8c05640d9eebdb72a8530b348720d2695e25de7e882579
Sources/Scholar/pub01-start160-alternate.json,2003,cc76302659ea3066541596e3e2d26ddffe3dbc29d7ffefc3ee5de73d84d18154
Sources/Scholar/pub01-start160-bydate.json,2293,186ea9582cef8c905b7afa134ba21c34b88221b9c0ecb99f58184e6d8e327115
Sources/Scholar/pub01-start160-num10.json,1957,8e0dcc817f01ba33370f27994fad56bf173b0c67dc63b0087338a4bf7392df25
Sources/Scholar/pub01-start160-retry1.json,2120,dafa429f4064ae6105b90e7a4620d637ddd18040825ff3501d185a9eb164f672
Sources/Scholar/pub01-start160.json,2097,02dcdfd69cbd857f5f08d4c95d6d9efec6e2c9e6eb48a3b378b84574899706ad
Sources/Scholar/pub01-start170-num10.json,1957,b396f2b7f2b0ac99254445bd5889b7d1f4a66e3ca58f51d22a3c6427bab965d8
Sources/Scholar/pub01-start178-gapfill2.json,55672,84c2dbd2fa11a9b13cff1e4ec68a81b633e3b04e50ff7eefa00cee63791af37b
Sources/Scholar/pub01-start180-bydate.json,2051,8902d536f3c53f5d824c115bcc5de4d32e0ccba872492beea33bb930d4d12245
Sources/Scholar/pub01-start180.json,54165,3f15febdb9b4546e0056fb83e6bd58faad6246954469d654918e69518be4888c
Sources/Scholar/pub01-start200-bydate.json,2294,509ae8a71ee78aca1f1b7e26ba635973741d76095291fc057fbcc8690ff1fc24
Sources/Scholar/pub01-start200.json,49373,b0f1340318be40a645537bedc103234bbcb608aa862a1017f7a729ac8568e8ef
Sources/Scholar/pub01-start220-bydate.json,2051,9cd248a75d893e3e57ebcc3a85e9a3ea6926a4dde0f7a1900cc6bee8ee092bff
Sources/Scholar/pub01-start220.json,15446,544c0a1d4978b187ccda9de6344e2da31216bb973aab8bf9ff711b895cdd95e1
Sources/Scholar/pub01-start240.json,2098,91f50a21729b380b3a6e0376243debd54b611f591a06896c33d4c09830a4d327
Sources/Scholar/pub02-start000-alternate.json,44321,2d017be342581362b22e703f00711e0346d8db2eaa31ec6aaa56266ddcd98868
Sources/Scholar/pub02-start000-bydate.json,1473,7a1a4b69ac50b2c2cdf300cbd0ea07f63870c44a9c07caaa9cba060932c0364f
Sources/Scholar/pub02-start000-retry1.json,36054,50c9d9ccbf47abf7c6470b9822d4fdf17317ac0dd34da872febed8e4700c2915
Sources/Scholar/pub02-start000.json,26548,f5fcba4fd69d048c0a74935bff6eca19b473e38857747f4e00548fabf9bf7bb5
Sources/Scholar/pub02-start001-gapfill.json,70140,fb7c79cc19ddfdd9b2435ecc152ac2a4c75e8e0c7761589e8c9cecbcfa0f9276
Sources/Scholar/pub02-start020-bydate.json,1477,d8e2108d07e092e3bf3e4e2eb6cf25cd6524d784ebda0937bdc0b18e8245e80c
Sources/Scholar/pub02-start020.json,66606,fb07cea6dc189c2a1027913e7db31c13615c00a3b3040ada62347cc0b0370e24
Sources/Scholar/pub02-start040-bydate.json,1477,a1bdfffbc2061c1276dc565b3dc37e63cbc9d8d3538f255b6a4d7ea22d71ff61
Sources/Scholar/pub02-start040-retry1.json,63489,9f88c63825ee71c674625630bf6ee54a8b0f0aee5f71457629d8476476c45f34
Sources/Scholar/pub02-start040.json,2080,777092bf8c43ef14dad0d25c6b8ac89dacb646b92078786f2e7895bde5f1a75c
Sources/Scholar/pub02-start060-bydate.json,1477,47f55c07a6f801d287e68e73a03118d93c1b1b16d2f55d1d88867f3aa26dd237
Sources/Scholar/pub02-start060.json,28456,22c7b4da31fa758f04b9379b901464b811d36ca65eb6c7aa9feb80c87074b096
Sources/Scholar/pub02-start080.json,2082,8c7f3d013935d84d08e2135c3ed300026632350572ee20fb46c246f259ec731c
Sources/Scholar/pub03-start000.json,55672,f7cbcb9dd427725149cca25493195360b4a0ec1ee165eb0e8288fdef610093f8
Sources/Scholar/pub03-start020.json,7547,dadd30f5473b01c1e8b330092d67673e5edf7e5e37783b139e9d3185c11dc734
Sources/Scholar/pub03-start040.json,2260,ad55f6cde2137942ee40a5d91882c0ff38a562501adeb9d7231d3c168060fbb7
Sources/Scholar/pub04-start000.json,41946,8f408b4cfe7d94ba2dac9de0e8bae66d06e0b20a3a3956230880aa46b6db1734
Sources/Scholar/pub04-start020.json,2148,6126480b528ccf19609cc045623c816eec96c14bf0998d8c2e519742e507b71d
Sources/Scholar/pub05-start000.json,34542,321ee17d5e786b53c7b39d2e60ec039091131c564433f38304fa0b1dd8e7f9ab
Sources/Scholar/pub05-start020.json,2140,d0801ca0aa4e3d78812c1bbc4ec13416417422fc435fb815bf692cbc82f958fd
Sources/Scholar/pub06-start000.json,12159,b20666ae544adf53944abdbb58a8c1b53a2a13f0e46353b8a2e0cb5f5f13482f
Sources/Scholar/pub06-start020.json,2077,5f112c5cabc48e9267da25b8e2b3fb32553e77a199dcaf75557db08555d0f88c
Sources/Scholar/pub07-start000.json,4539,aad62d068f290bbd5ce794f673937cf05babe7ed41d1c3f8ca2eeae1ec176909
Sources/Scholar/pub07-start020.json,1887,4785604b125ee457e32b58a46bc011ddea3a475db64cb75b91d2b0b06df57b42
Sources/Scholar/pub08-start000.json,4248,d3477aa94df4422ae9036cde70add3f068229b602e48f5c3040b170136c339f5
Sources/Scholar/pub08-start020.json,1887,c301dc0311cc7b74698804b9ff4ba2ee6d24722a65b19df4e350be4edf2351a4
Sources/Scholar/selected-title-01.json,30465,a4047d2ec52da98511dab39c427aece4123158be23f16a8898051c10c1823210
Sources/Scholar/selected-title-03.json,3362,1f23a57a3bcb4e29b022dcd4deb7742d7a668ae1a9112cdc92768e654a5abaf6
Sources/Scholar/selected-title-04.json,6825,8699261d778eb86893bf18c935e94da68fbd17d3e8d767b4f0180096b6d165be
Sources/Scholar/selected-title-05.json,7646,4c38414f9748d728a025c255174dc8ec3c64c47da93703af942535ed9ccfd574
Sources/Scholar/selected-title-06.json,27246,9e4776433b302638367464e842eb30f3f805bdea524be0ea3e12a89af6183f0b
Sources/Scholar/selected-title-07.json,6947,51b9461a15d10959e5ed9b7d92ab2df6fce611b0282d0c62f90206ee0aed2378
Sources/Scholar/selected-title-08.json,6938,a44b475b7d0fe1718bb2a7c2fff642c1660d7f605a4d8e1175ec491c063927a7
Sources/Scholar/selected-title-09.json,3948,70d6e930f367c32ab2b7311887bd624c99060885a9ab57fc9ce4d15d27d9d7a4
Substantive-Citation-Report.html,68973,317b33bd0801fc88a41114f4054dd1aae44e32ca3fa5c49d15283a90d3fb92dc
Substantive-Citation-Report.md,43703,09dae34df72e9969af903998ae0e10f763d75872a97ac15227b95b141f08dc05
Substantive-Citation-Report.pdf,87998,480462713447460667e325a91ae328ed81f5d2f28c453cbde379299c01f753bf
Verification.json,13175,14e6d40c425bd2c9f622d2b17618bcb42be8fb2e1c3dd83165eb57e4c35c1a4c
Work-ID-Corrections.csv,1827,c88d88223a47495b1ea72228d8df6e0c1eed32ebd3ca8b448fbd252e4820ccc5
index.html,313155,b5b31fcb7cf67b2100438ab7219e1b20abb0f021347a05a9ed265b28896c6c60
