work_id,title,document_type,google_scholar_result_ids,cites_profile_entries,map_status,fulltext_evidence,scholar_source_evidence,source_urls,discussion_review
GS-0001,A quantization training algorithm of adaptive learning quantization scale fators,scholarly record,cJ-EGEa6vb0J; hSmDWjmxfBcJ,1,Mapped: at least one sourced affiliation,E-0645; E-0659,E-0418; E-0420; E-0422,https://www.china-simulation.com/EN/10.16182/j.issn1004731x.joss.21-0175; https://www.china-simulation.com/CN/10.16182/j.issn1004731x.joss.21-0175,Citation catalogued; corrected non-Latin title grouping on 2026-10-08
GS-0002,12 mJ per class on-device online few-shot class-incremental learning,scholarly record,99K2kZpOaZkJ,1,Mapped: at least one sourced affiliation,E-0631,E-0383; E-0394,https://ieeexplore.ieee.org/abstract/document/10546598/,Citation catalogued in the survey
GS-0003,2DEG-heated AlGaN/GaN micro-hotplates for high-temperature chemical sensing microsystems,scholarly record,_HKpUttAr7MJ,4,Mapped: at least one sourced affiliation,E-0636,E-0442,https://transducer-research-foundation.org/technical_digests/HiltonHead_2016/hh2016_0356.pdf,Citation catalogued in the survey
GS-0004,3D-FPIM: An extreme energy-efficient DNN acceleration system using 3D NAND flash-based in-situ PIM unit,scholarly record,KXZy_vMLPm4J,1,Missing full text,,E-0381; E-0393,https://ieeexplore.ieee.org/abstract/document/9923791/,Citation catalogued in the survey
GS-0005,7 μJ/inference end-to-end gesture recognition from dynamic vision sensor data using ternarized hybrid convolutional neural networks,scholarly record,20t2HbW_AnwJ,1,Mapped: at least one sourced affiliation,E-1254,E-0382; E-0386; E-0394,https://www.sciencedirect.com/science/article/pii/S0167739X23002704,"Selected substantive review, article 6"
GS-0006,A 1-16b reconfigurable 80Kb 7T SRAM-based digital near-memory computing macro for processing neural networks,scholarly record,RwT0YKbqKZYJ,1,Missing full text,,E-0375; E-0377; E-0382,https://ieeexplore.ieee.org/document/10012044/,Citation catalogued in the survey
GS-0007,A2Q: Accumulator-aware quantization with guaranteed overflow avoidance,scholarly record,UapmzV7hEEMJ,1,Affiliation review pending,E-0674,E-0382; E-0391,https://ieeexplore.ieee.org/abstract/document/10376654/,Citation catalogued in the survey
GS-0008,A2Q+: Improving accumulator-aware weight quantization,scholarly record,mZiaUsBayUUJ,1,Mapped: at least one sourced affiliation,E-0705,E-0383; E-0386; E-0393,https://arxiv.org/abs/2401.10432,Citation catalogued in the survey
GS-0009,A 3D-stack DRAM-based PNM architecture design,scholarly record,MlCsHE4PomwJ,1,Missing full text,,E-0403,https://www.sciencedirect.com/science/article/pii/S0167926024001305,Citation catalogued in the survey
GS-0010,A 40nm 33.6 tops/w 8t-sram computing-in-memory macro with dac-less spike-pulse-truncation input and adc-less charge-reservoir-integrate-counter output,scholarly record,0UopxUgF2UEJ,1,Missing full text,,E-0403,https://ieeexplore.ieee.org/abstract/document/9661898/,Citation catalogued in the survey
GS-0011,Accelerating CNN inference with an adaptive quantization method using computational complexity-aware regularization,scholarly record,ynUFWmlwMWQJ,1,Mapped: at least one sourced affiliation,E-0092,E-0384; E-0409,https://search.ieice.org/bin/pdf_link.php?category=A&fname=e108-a_2_149&lang=E&year=2025,Citation catalogued in the survey
GS-0012,Accelerating configuration of Reconfigurable Intelligent Surfaces through a hardware-enhanced deep learning approach,scholarly record,_xcohKL0N7wJ,1,Mapped: at least one sourced affiliation,E-1255,E-0385; E-0400,https://www.sciencedirect.com/science/article/pii/S0045790626001734,"Selected substantive review, article 14"
GS-0013,Accelerating deep convolutional neural networks using number theoretic transform,scholarly record,5vk5smFzpQUJ,1,Missing full text,,E-0381; E-0394,https://ieeexplore.ieee.org/abstract/document/9928033/,Citation catalogued in the survey
GS-0014,Accelerating neural network inference by overflow aware quantization,scholarly record,Pkhd-Ym9QqYJ,1,Affiliation review pending,E-0073,E-0418,https://arxiv.org/abs/2005.13297,Citation catalogued in the survey
GS-0015,"Accessible foundation models: Systems, algorithms, and science",scholarly record,hsZpaXAMD6MJ,1,Mapped: at least one sourced affiliation,E-0667,E-0390; E-0409,https://search.proquest.com/openview/6c8dd68b06a47574c371e521806504a7/1?pq-origsite=gscholar&cbl=18750&diss=y,Citation catalogued in the survey
GS-0016,ACE-SNN: Algorithm-hardware co-design of energy-efficient & low-latency deep spiking neural networks for 3d image recognition,scholarly record,_3M4dZakdtkJ,1,Mapped: at least one sourced affiliation,E-0664,E-0381; E-0386; E-0391,https://www.frontiersin.org/journals/neuroscience/articles/10.3389/fnins.2022.815258/full,Citation catalogued in the survey
GS-0017,A Controlled Benchmark of Edge AI Accelerators for Traffic Object Detection,scholarly record,1IuBAFQXPpQJ,1,Missing full text,,E-0376; E-0385; E-0403,https://www.utupub.fi/server/api/core/bitstreams/91232e76-4083-49c3-8c9b-7b982dd6b2d7/content,Citation catalogued in the survey
GS-0018,A customized convolutional neural network structure design based on Field-Programmable Gate Array,scholarly record,5FwylwMy5XIJ,1,Missing full text,,E-0390; E-0420,https://ieeexplore.ieee.org/abstract/document/10695261/,Citation catalogued in the survey
GS-0019,Adaptive neural networks for edge intelligence,thesis/dissertation,oiUAva-AL1kJ,2,Mapped: at least one sourced affiliation,E-0593,E-0437,https://dr.ntu.edu.sg/server/api/core/bitstreams/d5144962-9c83-4a2e-8fd8-8c8ef85ed719/content,Citation catalogued in the survey
GS-0020,Adaptive quantization method for CNN with computational-complexity-aware regularization,scholarly record,91xzjWyoIr8J,1,Mapped: at least one sourced affiliation,E-0600,E-0402,https://ieeexplore.ieee.org/abstract/document/9401657/,Citation catalogued in the survey
GS-0021,Adaptive Rounding Compensation for Post-training Quantization,scholarly record,mf8ymGRrzRwJ,1,Missing full text,,E-0398; E-0422,https://link.springer.com/chapter/10.1007/978-981-99-1642-9_7,Citation catalogued in the survey
GS-0022,AdaQAT: Adaptive bit-width quantization-aware training,scholarly record,WjqLbifZC3kJ,1,Mapped: at least one sourced affiliation,E-0079,E-0383; E-0393,https://ieeexplore.ieee.org/abstract/document/10595895/,Citation catalogued in the survey
GS-0023,: Aggregation-Aware Quantization for Graph Neural Networks,scholarly record,VPaXPmgRvvYJ,1,Mapped: at least one sourced affiliation,E-0656,E-0382; E-0393,https://arxiv.org/abs/2302.00193,Citation catalogued in the survey
GS-0024,Agile and Efficient Inference of Quantized Neural Networks,scholarly record,rPWn_VOIrp8J,1,Mapped: at least one sourced affiliation,E-1256,E-0390,https://www.research-collection.ethz.ch/items/ca1e92d2-9585-43cd-81ac-6abbfba87f0f,Manual review 2026-10-08: direct use — linked thesis
GS-0025,Al2O3-Based a-IGZO Schottky Diodes for Temperature Sensing,scholarly record,ctnNF0E5NjAJ,4,Mapped: at least one sourced affiliation,E-1257,E-0442,https://www.mdpi.com/1424-8220/19/2/224,Manual review 2026-10-08: other applicant work — outside TQT
GS-0026,A low memory footprint quantized neural network for depth completion of very sparse time-of-flight depth maps,scholarly record,33R4ivEQM7AJ,1,Mapped: at least one sourced affiliation,E-0107,E-0402,https://ieeexplore.ieee.org/abstract/document/9857469/,"Selected substantive review, article 9"
GS-0027,Al-rich AlGaN based transistors,scholarly record,D3erY56hCP0J,3,Mapped: at least one sourced affiliation,E-1258,E-0439,https://pubs.aip.org/avs/jva/article/38/2/020803/247677,Manual review 2026-10-08: other applicant work — outside TQT
GS-0028,Amanda: Unified instrumentation framework for deep neural networks,scholarly record,tzOWDdo7gisJ,1,Mapped: at least one sourced affiliation,E-1259,E-0383; E-0386; E-0400,https://dl.acm.org/doi/abs/10.1145/3617232.3624864,Manual review 2026-10-08: implementation-family citation — qualified
GS-0029,A microfabricated sun sensor using GaN-on-sapphire ultraviolet photodetector arrays,scholarly record,tgrEu9IJkyMJ,4,Missing full text,,E-0442,https://pubs.aip.org/aip/rsi/article/87/9/095003/366015,Citation catalogued in the survey
GS-0030,A modernistic PLL based on feed forward frequency estimator with selective harmonic pre filter for grid imperfection,scholarly record,hlkhhgUTesgJ,6,Missing full text,,E-0446,https://www.inderscienceonline.com/doi/abs/10.1504/IJPEC.2019.102274,Citation catalogued in the survey
GS-0031,AMPA: adaptive mixed precision allocation for low-bit integer training,scholarly record,bWY9MyXNi5QJ,1,Mapped: at least one sourced affiliation,E-1260,E-0383; E-0393,https://openreview.net/forum?id=HfxFasUfbN,Manual review 2026-10-08: named technical discussion
GS-0032,A multiplier-less convolutional neural network inference accelerator for intelligent edge devices,scholarly record,VuW8RPa5xFwJ,1,Missing full text,,E-0403,https://ieeexplore.ieee.org/abstract/document/9551204/,Citation catalogued in the survey
GS-0033,AnalogNets: ML-HW co-design of noise-robust TinyML models and always-on analog compute-in-memory accelerator,scholarly record,uTfdAIswgrMJ,1,Mapped: at least one sourced affiliation,E-0065,E-0394,https://arxiv.org/abs/2111.06503,Named discussion reviewed; not in the report
GS-0034,An Analog Multiplier Utilizing an Unconventional Bit-Weighting Scheme with Application to Neural Network Quantization,scholarly record,DtKmttBQ0vAJ,1,Missing full text,,E-0403,https://ieeexplore.ieee.org/abstract/document/11261758/,Citation catalogued in the survey
GS-0035,"An analysis framework for the quantization-aware design of efficient, low-power convolutional neural networks",scholarly record,m4MRm42nkrwJ,1,Mapped: at least one sourced affiliation,E-1261,E-0418; E-0420,https://uwspace.uwaterloo.ca/items/fffa748d-d143-47d7-a17c-41fc02306746,Manual review 2026-10-08: named technical discussion
GS-0036,An empirical study of low precision quantization for tinyml,scholarly record,swEV8hrQpkwJ,1,Mapped: at least one sourced affiliation,E-0704,E-0381; E-0386; E-0393,https://arxiv.org/abs/2203.05492,Citation catalogued in the survey
GS-0037,An FPGA Implementation of CNN-based Compression Artifact Reduction,scholarly record,ySJCosCV4pEJ,1,Missing full text,,E-0398; E-0422,https://ieeexplore.ieee.org/abstract/document/10031558/,Citation catalogued in the survey
GS-0038,A novel framework for deployment of CNN models using post-training quantization on microcontroller,scholarly record,yNIGfF8GPyMJ,1,Missing full text,,E-0381; E-0394,https://www.sciencedirect.com/science/article/pii/S0141933122001715,Citation catalogued in the survey
GS-0039,An sram compute-in-memory macro based on direct coupling sar adc and dac reuse,scholarly record,hMiW0LS5xikJ,1,Missing full text,,E-0390; E-0400,https://ieeexplore.ieee.org/abstract/document/10558176/,Citation catalogued in the survey
GS-0040,Application of a Discrete AlGaN/GaN HEMT Sensor for In‐Situ Regenerative Soot Particulate Detection,scholarly record,7fywQks9Da4J,4,Missing full text,,E-0442,https://analyticalsciencejournals.onlinelibrary.wiley.com/doi/abs/10.1002/elan.202400221,Citation catalogued in the survey
GS-0041,Application of a gateless AlGaN/GaN HEMT sensor for diesel soot particulate detection,scholarly record,NBhLqk0V0dIJ,3; 4,Missing full text,,E-0439; E-0442,https://www.sciencedirect.com/science/article/pii/S0925400521013794,Citation catalogued in the survey
GS-0042,Application of machine learning to physical design,scholarly record,O_14v-khpB4J,5,Mapped: at least one sourced affiliation,E-1262,E-0444,https://scholarworks.calstate.edu/downloads/vx021n292,Manual review 2026-10-08: other applicant work — outside TQT
GS-0043,A reduced-precision network for image reconstruction,scholarly record,j-TCPYkqitgJ,1,Mapped: at least one sourced affiliation,E-1263,E-0379; E-0394,https://dl.acm.org/doi/abs/10.1145/3414685.3417786,"Selected substantive review, article 3"
GS-0044,A resource efficient integer-arithmetic-only FPGA-based CNN accelerator for real-time facial emotion recognition,scholarly record,K55B4nqlncAJ,1,Mapped: at least one sourced affiliation,E-1264,E-0393,https://ieeexplore.ieee.org/abstract/document/9493194/,"Selected substantive review, article 8"
GS-0045,A review of state-of-the-art mixed-precision neural network frameworks,scholarly record,ZnTVbznLZ9MJ,1; 2,Missing full text,,E-0375; E-0377; E-0383; E-0430,https://ieeexplore.ieee.org/abstract/document/10509805/,Citation catalogued in the survey
GS-0046,A self-regenerable soot sensor with a proton-conductive thin electrolyte and a nanostructured platinum sensing electrode,scholarly record,OyOpQ9c5qHwJ,4,Affiliation review pending,E-0642,E-0442,https://www.nature.com/articles/srep37463,Citation catalogued in the survey
GS-0047,A Sensitive and Self-Regenerable Particulate Matter Sensor with a H3PO4-Modified BaZr0.8Y0.2O3-δ Electrolyte and an IrO2-Catalyzed Sensing Electrode,scholarly record,uEBcBK-iT1gJ,4,Mapped: at least one sourced affiliation,E-1265,E-0442,https://iopscience.iop.org/article/10.1149/2.1281614jes/meta,Manual review 2026-10-08: other applicant work — outside TQT
GS-0048,Aspects and best practices of quantization aware training for custom network accelerators,scholarly record,PlHDs9IKLXUJ,1,Affiliation review pending,E-0660,E-0418; E-0420,https://iiw.kuleuven.be/onderzoek/eavise/starttodeeplearn/aspects-and-best-practices-of-quantization-aware-t.pdf,Citation catalogued in the survey
GS-0049,A survey on machine learning-based routing for VLSI physical design,scholarly record,lGRT7LbCJJ8J,5,Missing full text,,E-0444,https://www.sciencedirect.com/science/article/pii/S0167926022000542,Citation catalogued in the survey
GS-0050,A systematic study on benchmarking AI inference accelerators: Z. Jiang et al.,scholarly record,Qds0UA2xteMJ,1,Missing full text,,E-0418; E-0420,https://link.springer.com/article/10.1007/s42514-022-00105-z,Citation catalogued in the survey
GS-0051,A Target-Centric Survey of Quantization-Aware Training,scholarly record,jaPdoi_S_J0J,1,Mapped: at least one sourced affiliation,E-0700,E-0376; E-0385; E-0402,https://arxiv.org/abs/2608.29667,Citation catalogued in the survey
GS-0052,A-u3d: A unified 2d/3d cnn accelerator on the versal platform for disparity estimation,scholarly record,T11nl1sEjVUJ,1,Missing full text,,E-0402,https://ieeexplore.ieee.org/abstract/document/10035259/,Citation catalogued in the survey
GS-0053,Auxiliary Function Unit (AFU): A Heterogeneous Architecture for Tensor Processing in Edge Acceleration,scholarly record,_tKpZdwGrTgJ,1,Affiliation review pending,E-0693,E-0385,https://search.proquest.com/openview/efafd1f6bf6532b1d86fd8e5c3ceed05/1?pq-origsite=gscholar&cbl=18750&diss=y,Citation catalogued in the survey
GS-0054,A Wearable System for Real-Time Fall Detection on Resource-Constrained Devices,scholarly record,KLMjZIblD7wJ,1,Mapped: at least one sourced affiliation,E-1266,E-0385; E-0402,https://www.mdpi.com/1999-5903/18/4/211,Manual review 2026-10-08: generic implementation citation
GS-0055,A white paper on neural network quantization,scholarly record,3hqmhc7PXi0J,2,Affiliation review pending,E-0090,E-0430,https://arxiv.org/abs/2106.08295,"Selected substantive review, article 18"
GS-0056,Bayesian bits: Unifying quantization and pruning,scholarly record,Yqph3u8tMkkJ,2,Affiliation review pending,E-0055,E-0430,https://proceedings.neurips.cc/paper_files/paper/2020/hash/3f13cf4ddf6fc50c0d39a1d5aeb57dd8-Abstract.html,"Selected substantive review, article 12"
GS-0057,Bitpruning: Learning bitlengths for aggressive and accurate quantization,scholarly record,CXJ0WVg6Ex0J,2,Mapped: at least one sourced affiliation,E-0694,E-0432,https://ieeexplore.ieee.org/abstract/document/10558100/,Citation catalogued in the survey
GS-0058,Bringing AI to edge: From deep learning's perspective,scholarly record,xG3kTPM2dMkJ,2,Mapped: at least one sourced affiliation,E-0044,E-0366,https://www.sciencedirect.com/science/article/pii/S0925231221016428,"Selected substantive review, article 19"
GS-0059,Building a Sparse Convolutional Neural Network Inference Accelerator on Field-Programmable Gate Arrays,scholarly record,0135POLNyLcJ,1,Mapped: at least one sourced affiliation,E-0681,E-0418; E-0420,https://search.proquest.com/openview/5fabba19c76bec56a05f57a974b3bae5/1?pq-origsite=gscholar&cbl=18750&diss=y,Citation catalogued in the survey
GS-0060,CANET: Quantized neural network inference with 8-bit carry-aware accumulator,scholarly record,VyOV2ou4V2UJ,1,Mapped: at least one sourced affiliation,E-1267,E-0390; E-0403,https://ieeexplore.ieee.org/abstract/document/10445180/,Manual review 2026-10-08: technical discussion / design connection
GS-0061,Characterizing the Sensitivity of 2DEG-Based Magnetic Field and Ultraviolet Light Sensors in Space-Simulant Environments,scholarly record,w8oy_FV6ObgJ,3,Mapped: at least one sourced affiliation,E-1268,E-0439,https://search.proquest.com/openview/b8d42d139b1363576807cb2c69dce902/1?pq-origsite=gscholar&cbl=18750&diss=y,Manual review 2026-10-08: incomplete source — hold
GS-0062,CMix-NN: Mixed low-precision CNN library for memory-constrained edge devices,scholarly record,hL0iLgEnQVUJ,2,Affiliation review pending,E-0086,E-0430,https://ieeexplore.ieee.org/abstract/document/9049084/,Citation catalogued in the survey
GS-0063,Comparative study on energy consumption of neural networks by scaling of weight-memory energy versus computing energy for implementing low-power …,scholarly record,l7GoN_-rzccJ,1,Mapped: at least one sourced affiliation,E-1269,E-0391,https://www.mdpi.com/2079-9292/14/13/2718,Manual review 2026-10-08: background citation
GS-0064,Concatenation 을 이용한 DSP 의 4-bit 병렬 Multiply-Accumulation,scholarly record,tIzNmJFZnIwJ,1,Missing full text,,E-0398; E-0424,https://www.dbpia.co.kr/pdf/pdfView.do?nodeId=NODE11227774,Citation catalogued in the survey
GS-0065,Constructing Rectilinear Steiner Minimum Tree with Conditional Generative Adversarial Network,scholarly record,NmXx37JQJ0cJ,5,Missing full text,,E-0444,https://ieeexplore.ieee.org/abstract/document/10900628/,Citation catalogued in the survey
GS-0066,Converter Control for Electric Vehicle Charging Application,scholarly record,IwJZLB7Bsw0J,6,Mapped: at least one sourced affiliation,E-1270,E-0446,https://search.proquest.com/openview/1c0b16d887b3b313ccc4eaca1ceeeb5c/1?pq-origsite=gscholar&cbl=18750,Manual review 2026-10-08: incomplete source — hold
GS-0067,Data quality-aware mixed-precision quantization via hybrid reinforcement learning,scholarly record,QTzPvNZWwLEJ,2,Mapped: at least one sourced affiliation,E-0689,E-0430,https://ieeexplore.ieee.org/abstract/document/10566890/,Citation catalogued in the survey
GS-0068,DCASE 2021 challenge task1a technical report,scholarly record,ZBZjPcAzz3MJ,1,Mapped: at least one sourced affiliation,E-0653,E-0418; E-0420,https://dcase.community/documents/challenge2021/technical_reports/DCASE2021_Zhang_99_t1.pdf,Citation catalogued in the survey
GS-0069,Decoupling Efficiency-Performance Optimization for Modern Neural Networks,scholarly record,HEwfPoBgKkkJ,1,Mapped: at least one sourced affiliation,E-1271,E-0420,https://search.proquest.com/openview/58eb15552851ecae127322a1a89ed41c/1?pq-origsite=gscholar&cbl=18750&diss=y,Manual review 2026-10-08: experimental comparison — linked thesis
GS-0070,Dedicated inference engine and binary-weight neural networks for lightweight instance segmentation,scholarly record,n4ty6C1hCYIJ,1,Affiliation review pending,E-0647,E-0390; E-0409,https://ieeexplore.ieee.org/abstract/document/10678505/,Citation catalogued in the survey
GS-0071,Deep learning: Systems and responsibility,scholarly record,V9geC99_yyEJ; ACJ81RsLQMQJ,1,Mapped: at least one sourced affiliation,E-1272,E-0403; E-0424,https://dl.acm.org/doi/abs/10.1145/3448016.3457541; https://www.academia.edu/download/103206762/DL_Tutorial.pdf,Manual review 2026-10-08: background citation
GS-0072,Deeploy: Enabling energy-efficient deployment of small language models on heterogeneous microcontrollers,scholarly record,riYJuv6tSr8J,1,Mapped: at least one sourced affiliation,E-0630,E-0375; E-0377; E-0383,https://ieeexplore.ieee.org/abstract/document/10745806/,Citation catalogued in the survey
GS-0073,Department of Computing,thesis/dissertation,3dopgi5F7ywJ,1,Mapped: at least one sourced affiliation,E-0618,E-0398; E-0422,https://scholar.archive.org/work/5nzip3j2ebc7tg5oxvpjpv7xru/access/wayback/https://spiral.imperial.ac.uk/bitstream/10044/1/101687/1/FAN-H-2023-PhD-Thesis.pdf,Citation catalogued in the survey
GS-0074,Design and Implementation of Object Detection Acceleration Module Based on an ARM+ FPGA Heterogeneous Platform,scholarly record,Q1DTvhxdo6oJ,1,Mapped: at least one sourced affiliation,E-1273,E-0418; E-0420,https://search.proquest.com/openview/1fb0b5357eed3a0c7998e374e5c232b3/1?pq-origsite=gscholar&cbl=2048897,Manual review 2026-10-08: incomplete source — hold
GS-0075,Determining quantization scale factors for layers of a machine learning model,patent,NmXtyDd9jmgJ,1,Patent publication; catalogued separately,E-0716,E-0418; E-0420,https://patents.google.com/patent/US12314863B1/en,Citation catalogued in the survey
GS-0076,Differentiable model compression via pseudo quantization noise,scholarly record,XrM4HOrK7zEJ,1,Mapped: at least one sourced affiliation,E-0064,E-0386; E-0391,https://arxiv.org/abs/2104.09987,Named discussion reviewed; not in the report
GS-0077,Differentiable quantization of deep neural networks,scholarly record,SdlWAIdwLn4J,2,Missing full text,,E-0432,https://www.academia.edu/download/90548915/1905.pdf,Citation catalogued in the survey
GS-0078,Direct and continuous liquid-level sensing using gallium nitride ultraviolet photodetectors,scholarly record,FpSkvsmG7eoJ,4,Missing full text,,E-0442,https://ieeexplore.ieee.org/abstract/document/9095305/,Citation catalogued in the survey
GS-0079,Distribution adaptive int8 quantization for training cnns,scholarly record,NEsO0kJsT7MJ,1,Affiliation review pending,E-0702,E-0375; E-0377,https://ojs.aaai.org/index.php/AAAI/article/view/16462,Citation catalogued in the survey
GS-0080,dMX: Differentiable Mixed-Precision Assignment for Low-Precision Floating-Point Formats,scholarly record,NFzIKgmZAToJ,1,Affiliation review pending,E-0677,E-0376; E-0385; E-0400,https://arxiv.org/abs/2606.04115,Citation catalogued in the survey
GS-0081,Do all mobilenets quantize poorly? gaining insights into the effect of quantization on depthwise separable convolutional networks through the eyes of multi-scale …,scholarly record,bXuknljIwxcJ,1,Mapped: at least one sourced affiliation,E-0663,E-0393,https://ieeexplore.ieee.org/abstract/document/9522925/,Citation catalogued in the survey
GS-0082,Drgs: Low-precision full quantization of deep neural network with dynamic rounding and gradient scaling for object detection,scholarly record,tWWWPgQm61QJ,1,Missing full text,,E-0409,https://link.springer.com/chapter/10.1007/978-981-19-9297-1_11,Citation catalogued in the survey
GS-0083,Dual-Precision Deep Neural Network,scholarly record,nCTD1AIKFX8J,1,Mapped: at least one sourced affiliation,E-0054,E-0418; E-0420,https://dl.acm.org/doi/abs/10.1145/3430199.3430228,Citation catalogued in the survey
GS-0084,Dynamic quantization range control for analog-in-memory neural networks acceleration,scholarly record,Xs2msJcUOAgJ; Anvdgcw0IEcJ,1,Mapped: at least one sourced affiliation,E-1274,E-0403; E-0422,https://dl.acm.org/doi/abs/10.1145/3498328; https://www.academia.edu/download/86942507/3498328.pdf,Manual review 2026-10-08: specific method adoption — recommend
GS-0086,Effective and fast: A novel sequential single path search for mixed-precision quantization,scholarly record,mz3Z2dBf1yEJ,2,Mapped: at least one sourced affiliation,E-0066,E-0434,https://arxiv.org/abs/2103.02904,Citation catalogued in the survey
GS-0087,Effect of frost formation on operation of GaN ultraviolet photodetectors at low temperatures,scholarly record,EkOlFQEcJpoJ,4,Missing full text,,E-0442,https://ieeexplore.ieee.org/abstract/document/7939963/,Citation catalogued in the survey
GS-0088,"Efficient and accurate quantized image super-resolution on mobile npus, mobile ai & aim 2022 challenge: report",scholarly record,WAaxBn8nmHkJ,1,Mapped: at least one sourced affiliation,E-0675,E-0381; E-0391,https://link.springer.com/chapter/10.1007/978-3-031-25066-8_5,Citation catalogued in the survey
GS-0089,Efficient and Quantization-Friendly Ternary Fourier Convolution Algorithms,scholarly record,nce20mZP0FkJ,1,Affiliation review pending,E-1275,E-0398; E-0422,https://openreview.net/forum?id=XXrUarMM20,Manual review 2026-10-08: explicit adaptation — version unresolved
GS-0090,Efficient CNN inference acceleration on FPGAs: a pattern pruning-driven approach,scholarly record,M7GFR2V-E5oJ,1,Mapped: at least one sourced affiliation,E-1276,E-0390,https://theses.hal.science/tel-05021575/,Manual review 2026-10-08: technical background
GS-0091,Efficient hardware acceleration of deep neural networks via arithmetic complexity reduction,scholarly record,9XYBsWMEzm4J,1,Mapped: at least one sourced affiliation,E-0085,E-0418; E-0420,https://upcommons.upc.edu/entities/publication/c0bd0bf9-1b19-4d99-8ec3-276182a3a9fb,Citation catalogued in the survey
GS-0092,Efficient Hardware Approximation for Bit-Decomposition Based Deep Neural Network Accelerators,scholarly record,XKjmI9CRJWAJ,1,Missing full text,,E-0398; E-0422,https://ieeexplore.ieee.org/abstract/document/9908072/,Citation catalogued in the survey
GS-0093,Efficient neural pde-solvers using quantization aware training,scholarly record,HubCwxFR0mYJ; 7LT9PwSEz1sJ,1,Mapped: at least one sourced affiliation,E-0665; E-0722,E-0382; E-0403; E-0418; E-0420,https://openaccess.thecvf.com/content/ICCV2023W/RCV/html/van_den_Dool_Efficient_Neural_PDE-Solvers_Using_Quantization_Aware_Training_ICCVW_2023_paper.html; https://arxiv.org/abs/2308.07350,Citation catalogued in the survey
GS-0094,Efficient SAR vessel detection for FPGA-based on-satellite sensing,scholarly record,Gw9ik3ARK4MJ,1,Mapped: at least one sourced affiliation,E-1277,E-0386; E-0393,https://dl.acm.org/doi/abs/10.1145/3769102.3772713,"Selected substantive review, article 21"
GS-0095,"Efficient single-image depth estimation on mobile devices, mobile AI & AIM 2022 challenge: report",scholarly record,PU2tfr3z9DkJ,1,Mapped: at least one sourced affiliation,E-0724,E-0381; E-0386; E-0393; E-0394,https://link.springer.com/chapter/10.1007/978-3-031-25066-8_4,Citation catalogued in the survey
GS-0096,Efqat: An efficient framework for quantization-aware training,scholarly record,S6BbVsw-jKAJ,1,Mapped: at least one sourced affiliation,E-0598,E-0383; E-0391,https://arxiv.org/abs/2411.11038,Citation catalogued in the survey
GS-0097,Elastic-link for binarized neural networks,scholarly record,Vgh9zNI47h0J; TVJ4YKRFlLoJ,1,Mapped: at least one sourced affiliation,E-0105,E-0409; E-0422,https://ojs.aaai.org/index.php/AAAI/article/view/19977; https://www.academia.edu/download/100713528/19736.pdf,Citation catalogued in the survey
GS-0098,Empirical evaluation of edge ai deployment strategies involving black-box and white-box operators,scholarly record,IqiFJFnnRZ0J,1,Mapped: at least one sourced affiliation,E-0706,E-0390; E-0409,https://search.proquest.com/openview/8ad0f5851d3a3333aa5e2d7cc678ec51/1?pq-origsite=gscholar&cbl=18750&diss=y,Citation catalogued in the survey
GS-0099,Enabling Supervised and Unsupervised Learning for EDA and Cybersecurity in VLSI Systems,scholarly record,PfbQu0s0ZpIJ,5,Mapped: at least one sourced affiliation,E-1278,E-0444,https://search.proquest.com/openview/43d5e9d7623fffdc9ac21c1f9c1bb092/1?pq-origsite=gscholar&cbl=18750&diss=y,Manual review 2026-10-08: other applicant work — outside TQT
GS-0100,End-to-End Inference Optimization for Deep Learning-based Image Upsampling Networks,scholarly record,G2MGuCYj2eAJ,1,Mapped: at least one sourced affiliation,E-0619,E-0398; E-0422,https://search.proquest.com/openview/8ea043fb3d810d58607d2759b290f592/1?pq-origsite=gscholar&cbl=18750&diss=y,Citation catalogued in the survey
GS-0101,End-to-end keyword spotting using neural architecture search and quantization,scholarly record,0_c5W04PSHIJ,1,Mapped: at least one sourced affiliation,E-0115,E-0381; E-0386; E-0394,https://ieeexplore.ieee.org/abstract/document/9746535/,Citation catalogued in the survey
GS-0102,End-to-end Quantized Training via Log-Barrier Extensions,scholarly record,W4p1pWu14dgJ,1,Missing full text,,E-0379; E-0398; E-0424,https://openreview.net/forum?id=igkmo23BgzB,Citation catalogued in the survey
GS-0103,Enhancing FPGA CAD Flow with AI-Powered Solutions,scholarly record,RXmJXUN2EkwJ,5,Missing full text,,E-0444,https://link.springer.com/chapter/10.1007/978-3-031-71436-8_7,Citation catalogued in the survey
GS-0104,Enhancing FPGA Placement Quality via Machine Learning,scholarly record,qTO-WShlLlMJ,5,Affiliation review pending,E-0652,E-0444,https://atrium.lib.uoguelph.ca/bitstreams/78f5604a-5090-4a94-95b9-9d7b6c050ed0/download,Citation catalogued in the survey
GS-0105,Error-aware quantization through noise tempering,scholarly record,_xoxnmEHaoQJ,1,Affiliation review pending,E-0661,E-0403,https://arxiv.org/abs/2212.05603,Citation catalogued in the survey
GS-0106,Evaluation of compressed residential energy forecasting models,scholarly record,Q1lWhDr68hwJ,1,Mapped: at least one sourced affiliation,E-0703,E-0409,https://ieeexplore.ieee.org/abstract/document/9658990/,Citation catalogued in the survey
GS-0107,Exploring FPGA designs for MX and beyond,scholarly record,_TxQipMwwdwJ,2,Mapped: at least one sourced affiliation,E-0692,E-0432,https://ieeexplore.ieee.org/abstract/document/10705505/,Citation catalogued in the survey
GS-0108,Exploring the potential of flexible 8-bit format: Design and algorithm,scholarly record,hMD5CNKhw64J,1,Mapped: at least one sourced affiliation,E-0627,E-0382; E-0402,https://arxiv.org/abs/2310.13513,Citation catalogued in the survey
GS-0109,Extended exposure of gallium nitride heterostructure devices to a simulated Venus environment,scholarly record,mTMedtOMdeIJ,3,Missing full text,,E-0439,https://ieeexplore.ieee.org/abstract/document/9438131/,Citation catalogued in the survey
GS-0110,F8net: Fixed-point 8-bit only multiplication for network quantization,scholarly record,LpfQ7jKXE4YJ; KXBuemAYkxYJ,1,Mapped: at least one sourced affiliation,E-0725,E-0381; E-0386; E-0391; E-0422,https://arxiv.org/abs/2202.05239; https://www.academia.edu/download/124193097/2202.05239v1.pdf,"Selected substantive review, article 13"
GS-0111,Fabrication and Characterization of AlGaN/GaN Metal-Insulator-Semiconductor High Electron Mobility Transistors for High Power Applications,scholarly record,kuO3AQjwpEAJ,3,Mapped: at least one sourced affiliation,E-0698,E-0439,https://tud.qucosa.de/en/landing-page/https%3A%2F%2Ftud.qucosa.de%2Fapi%2Fqucosa%253A81276%2Fmets/,Citation catalogued in the survey
GS-0112,Factorizenet: Progressive depth factorization for efficient network architecture exploration under quantization constraints,scholarly record,VuehkXRXvwMJ,2,Mapped: at least one sourced affiliation,E-0089,E-0434,https://arxiv.org/abs/2011.14586,Citation catalogued in the survey
GS-0113,Fast and accurate camera scene detection on smartphones,scholarly record,uUBRqOpsIrEJ,1,Mapped: at least one sourced affiliation,E-0069,E-0402,https://ieeexplore.ieee.org/abstract/document/9522985/,Citation catalogued in the survey
GS-0114,"Fast and accurate quantized camera scene detection on smartphones, mobile ai 2021 challenge: Report",scholarly record,hfMetGkFF8wJ,1,Mapped: at least one sourced affiliation,E-0051,E-0386; E-0394,https://ieeexplore.ieee.org/abstract/document/9523056/,Citation catalogued in the survey
GS-0115,"Fast and accurate single-image depth estimation on mobile devices, mobile ai 2021 challenge: Report",scholarly record,dV2hBmj5XF0J,1,Mapped: at least one sourced affiliation,E-0621,E-0393,https://ieeexplore.ieee.org/abstract/document/9523169/,Citation catalogued in the survey
GS-0116,Fast and effective: A novel sequential single-path search for mixed-precision-quantized networks,scholarly record,nqLLhoqXOhcJ,2,Missing full text,,E-0426; E-0432,https://ieeexplore.ieee.org/abstract/document/9762902/,Citation catalogued in the survey
GS-0117,"Fast camera image denoising on mobile gpus with deep learning, mobile ai 2021 challenge: Report",scholarly record,kpf_M9srSzEJ,1,Mapped: at least one sourced affiliation,E-0640,E-0393,https://ieeexplore.ieee.org/abstract/document/9522755/,Citation catalogued in the survey
GS-0118,"Fast, quantization aware DNN training for efficient HW implementation",scholarly record,rwq8MDneX2kJ,1,Mapped: at least one sourced affiliation,E-0615,E-0382; E-0403,https://ieeexplore.ieee.org/abstract/document/10456774/,Citation catalogued in the survey
GS-0119,FELIX: A ferroelectric FET based low power mixed-signal in-memory architecture for DNN acceleration,scholarly record,hyRIEq5mL04J,1; 2,Mapped: at least one sourced affiliation,E-1279,E-0381; E-0391; E-0428; E-0430,https://dl.acm.org/doi/abs/10.1145/3529760,"Selected substantive review, article 15"
GS-0120,Finding the task-optimal low-bit sub-distribution in deep neural networks,scholarly record,XOhlwJD00GQJ,1,Mapped: at least one sourced affiliation,E-0671,E-0381; E-0394,https://proceedings.mlr.press/v162/dong22a.html,Citation catalogued in the survey
GS-0121,Fixed-point quantization for vision transformer,scholarly record,PkvyH4i_bB4J,1,Missing full text,,E-0403,https://ieeexplore.ieee.org/abstract/document/9728246/,Citation catalogued in the survey
GS-0122,Fix-net: pure fixed-point representation of deep neural networks,scholarly record,B-E8vxoGSyUJ,2,Missing full text,,E-0437,https://openreview.net/forum?id=rJgKzlSKPH,Citation catalogued in the survey
GS-0123,Flexible and fully quantized ultra-lightweight tinyissimoyolo for ultra-low-power edge systems,scholarly record,tQxr1rAbnqgJ; 89Olr2_r8NUJ,1,Mapped: at least one sourced affiliation,E-0083; E-0106,E-0382; E-0383; E-0391; E-0400,https://arxiv.org/abs/2307.05999; https://ieeexplore.ieee.org/abstract/document/10538092/,Citation catalogued in the survey
GS-0124,Flexround: Learnable rounding based on element-wise division for post-training quantization,scholarly record,LiYzXZ3i0XoJ; FfcFToOW764J,1,Mapped: at least one sourced affiliation,E-0639; E-1280,E-0375; E-0377; E-0382; E-0422,https://proceedings.mlr.press/v202/lee23h.html; https://openreview.net/forum?id=-tYCaP0phY_,Manual review 2026-10-08: background citation
GS-0126,FlowPrecision: Advancing FPGA-based real-time fluid flow estimation with linear quantization,scholarly record,989Pu7Zmh9gJ,1,Mapped: at least one sourced affiliation,E-0658,E-0390; E-0400,https://ieeexplore.ieee.org/abstract/document/10503436/,Citation catalogued in the survey
GS-0127,Fp8 quantization: The power of the exponent,scholarly record,ZqkSu4iG60YJ,2,Affiliation review pending,E-0676,E-0430,https://proceedings.neurips.cc/paper_files/paper/2022/hash/5e07476b6bd2497e1fbd11b8f0b2de3c-Abstract-Conference.html,Citation catalogued in the survey
GS-0128,Fpga-based acceleration for convolutional neural networks: A comprehensive review,scholarly record,pvRG3Q3t86MJ,1,Mapped: at least one sourced affiliation,E-0668,E-0375; E-0377,https://arxiv.org/abs/2505.13461,Citation catalogued in the survey
GS-0129,FPGA‐Based Real‐Time Embedded Fish Embryo Detection System,scholarly record,V7ISI0LspOoJ,1,Mapped: at least one sourced affiliation,E-1281,E-0398; E-0422,https://onlinelibrary.wiley.com/doi/abs/10.1155/2022/8021288,Substantive discussion reviewed; not in the report (journal removed from Web of Science in March 2023)
GS-0130,Free bits: Latency optimization of mixed-precision quantized neural networks on the edge,scholarly record,j32s-8PEdG8J,1,Mapped: at least one sourced affiliation,E-0699,E-0382; E-0402,https://arxiv.org/abs/2307.02894,Citation catalogued in the survey
GS-0131,Free Bits: Platform-Aware Latency Optimization of Mixed-Precision Neural Networks for Edge Deployment,scholarly record,hQc-0OtxSLsJ,1,Missing full text,,E-0422,https://openreview.net/forum?id=_GcWoi0SQm,Citation catalogued in the survey
GS-0132,Full approximation of deep neural networks through efficient optimization,scholarly record,Ld1PzBMYgmwJ,2,Mapped: at least one sourced affiliation,E-0651,E-0434,https://ieeexplore.ieee.org/abstract/document/9181236/,Citation catalogued in the survey
GS-0133,Fully integer-based quantization for mobile convolutional neural network inference,scholarly record,Vr4GzWnJzM4J,2,Missing full text,,E-0432,https://www.sciencedirect.com/science/article/pii/S0925231220319354,Citation catalogued in the survey
GS-0134,FxP-QNet: a post-training quantizer for the design of mixed low-precision DNNs with dynamic fixed-point representation,scholarly record,qL9vn7NsjR8J,1; 2,Mapped: at least one sourced affiliation,E-0077,E-0400; E-0432,https://ieeexplore.ieee.org/abstract/document/9730831/,Citation catalogued in the survey
GS-0135,Global routing under a congestion-aware reinforcement learning model,scholarly record,fvNLWggb5EQJ,5,Missing full text,,E-0444,https://ieeexplore.ieee.org/abstract/document/10218371/,Citation catalogued in the survey
GS-0136,Going further with winograd convolutions: Tap-wise quantization for efficient inference on 4x4 tiles,scholarly record,b86o4MZjWCMJ,1,Mapped: at least one sourced affiliation,E-0609,E-0381; E-0394,https://ieeexplore.ieee.org/abstract/document/9923839/,Citation catalogued in the survey
GS-0137,GradFreeBits: Gradient-Free Bit Allocation for Mixed-Precision Neural Networks,scholarly record,9iXgjgClIHYJ,1,Mapped: at least one sourced affiliation,E-1282,E-0409,https://www.mdpi.com/1424-8220/22/24/9772,Manual review 2026-10-08: citation unresolved in supplied version
GS-0138,Grid synchronization phase-locked loop strategy for unbalance and harmonic distortion conditions,scholarly record,WFjiKmBfatsJ,6,Mapped: at least one sourced affiliation,E-0624,E-0446,https://link.springer.com/article/10.1007/s40313-016-0254-2,Named discussion reviewed; not in the report
GS-0139,Gwq: Group-wise quantization framework for neural networks,scholarly record,a2oKl73lWIYJ,1,Mapped: at least one sourced affiliation,E-0672,E-0383; E-0393,https://proceedings.mlr.press/v222/yang24a.html,Citation catalogued in the survey
GS-0140,Hadamard domain training with integers for class incremental quantized learning,scholarly record,9YHH7bmrZC8J,1,Mapped: at least one sourced affiliation,E-0641,E-0382; E-0400,https://arxiv.org/abs/2310.03675,Citation catalogued in the survey
GS-0141,Hardware-Algorithm Co-Design for Machine Learning Accelerators,scholarly record,vfJcmHTyxV0J,1,Mapped: at least one sourced affiliation,E-1283,E-0376,https://search.proquest.com/openview/b9297edd7a5387f2694f7f5da0b32132/1?pq-origsite=gscholar&cbl=18750&diss=y,Manual review 2026-10-08: incomplete source — hold
GS-0142,Hardware and algorithm co-optimization for energy-efficient machine learning integrated circuits,scholarly record,bRQ9BUYmFh8J,1,Mapped: at least one sourced affiliation,E-1284,E-0418; E-0420,https://dr.ntu.edu.sg/bitstreams/4e6d896b-7382-42ec-b740-54c0fa4f023b/download,Manual review 2026-10-08: background citation
GS-0143,Hardware-Software Co-Design for Energy-Efficient Neural Network Inference at the Extreme Edge,scholarly record,qMCjXd6An6AJ,1,Mapped: at least one sourced affiliation,E-1285,E-0390; E-0402,https://www.research-collection.ethz.ch/bitstreams/857341db-7df5-4056-8e4b-3af428866cf1/download,Manual review 2026-10-08: direct use — linked thesis
GS-0144,HEAR: Homomorphically encrypted allreduce,scholarly record,WvloYMMUOzcJ,1,Mapped: at least one sourced affiliation,E-1286,E-0382; E-0394,https://dl.acm.org/doi/abs/10.1145/3581784.3607099,Manual review 2026-10-08: background citation
GS-0145,High Al-content AlGaN-based HEMTs,scholarly record,cCks9-fGbO4J,3,Missing full text,,E-0439,https://iopscience.iop.org/book/edit/978-0-7503-2516-5/chapter/bk978-0-7503-2516-5ch11,Citation catalogued in the survey
GS-0146,Highly antireflective AlGaN/GaN ultraviolet photodetectors using ZnO nanorod arrays on inverted pyramidal surfaces,scholarly record,6MeMKNxPLK4J,4,Missing full text,,E-0442,https://www.sciencedirect.com/science/article/pii/S0169433217305123,Citation catalogued in the survey
GS-0147,High-performance acceleration of 2-D and 3-D CNNs on FPGAs using static block floating point,scholarly record,5Os7I0x-gq4J,1,Mapped: at least one sourced affiliation,E-0108,E-0393,https://ieeexplore.ieee.org/abstract/document/9570135/,Citation catalogued in the survey
GS-0148,High‐Temperature Conductive Stability of ITO/Pt Bilayer‐Film Electrode for Applications in High‐Temperature SAW Devices,scholarly record,c1uX6wsA1gIJ,4,Mapped: at least one sourced affiliation,E-1287,E-0442,https://onlinelibrary.wiley.com/doi/abs/10.1155/2022/2599390,Manual review 2026-10-08: other applicant work — outside TQT
GS-0149,High temperature degradation modes observed in gallium nitride-based Hall-effect sensors,scholarly record,E3yaDl89qGMJ,3,Missing full text,,E-0439,https://asmedigitalcollection.asme.org/electronicpackaging/article-abstract/144/2/021115/1135313,Citation catalogued in the survey
GS-0150,High-temperature operation of group-III nitride high-electron-mobility transistors,scholarly record,9BtEc3FT1HwJ,3,Missing full text,,E-0439,https://www.nature.com/articles/s41928-026-01570-y,Citation catalogued in the survey
GS-0151,High-temperature operation of III-nitride high-electron-mobility transistors,scholarly record,FkTuAFjWP-MJ,3,Mapped: at least one sourced affiliation,E-0712,E-0439,https://arxiv.org/abs/2607.05314,Citation catalogued in the survey
GS-0152,Hmq: Hardware friendly mixed precision quantization block for cnns,scholarly record,b0ElFRRzKXEJ,1,Mapped: at least one sourced affiliation,E-0043,E-0391,https://link.springer.com/chapter/10.1007/978-3-030-58574-7_27,"Selected substantive review, article 16"
GS-0153,Hptq: Hardware-friendly post training quantization,scholarly record,cSlB2dZr1NEJ,1,Mapped: at least one sourced affiliation,E-0075,E-0400,https://arxiv.org/abs/2109.09113,Citation catalogued in the survey
GS-0154,HQOD: harmonious quantization for object detection,scholarly record,viFZN68HU7oJ,1,Mapped: at least one sourced affiliation,E-0714,E-0390; E-0402,https://ieeexplore.ieee.org/abstract/document/10687589/,Citation catalogued in the survey
GS-0155,H-ViT: hardware-friendly post-training quantization for efficient vision transformer inference,scholarly record,6zPGWl9q9YoJ,1,Affiliation review pending,E-0687,E-0384; E-0403,https://link.springer.com/article/10.1007/s43684-025-00121-0,Citation catalogued in the survey
GS-0156,Hybrid 8-bit floating point (HFP8) training and inference for deep neural networks,scholarly record,IwlJln3V0Z0J,2,Mapped: at least one sourced affiliation,E-0643,E-0429; E-0430,https://proceedings.neurips.cc/paper_files/paper/2019/hash/65fc9fb4897a89789352e211ca2d398f-Abstract.html,Citation catalogued in the survey
GS-0157,HYPER-SNN: Towards energy-efficient quantized deep spiking neural networks for hyperspectral image classification,scholarly record,oYPLbevtA7MJ,1,Mapped: at least one sourced affiliation,E-0072,E-0402,https://arxiv.org/abs/2107.11979,Citation catalogued in the survey
GS-0158,Image representation learning through genetic quantization,scholarly record,-RFmrUnsQO8J,1,Mapped: at least one sourced affiliation,E-0715,E-0422,https://repositorio.ufmg.br/items/00f4152c-417c-44c3-ac4d-88f9b8d4fd13,Citation catalogued in the survey
GS-0159,Impact of passivation on thermal stability of AlGaN/GaN HEMTs under high-temperature annealing,scholarly record,qIRtxmcMQrAJ,3,Missing full text,,E-0439,https://ieeexplore.ieee.org/abstract/document/10717664/,Citation catalogued in the survey
GS-0160,Implementación de redes neuronales en sistemas empotrados de altas prestaciones,scholarly record,NGqKVPast8EJ,1,Mapped: at least one sourced affiliation,E-0686,E-0424,https://repositorio.uam.es/server/api/core/bitstreams/dac506f8-fdf1-403a-b67e-00dc53933b5a/content,Citation catalogued in the survey
GS-0161,Improving approximate neural networks for perception tasks through specialized optimization,scholarly record,Zln8FgFkOUAJ,2,Mapped: at least one sourced affiliation,E-0662,E-0426; E-0432,https://www.sciencedirect.com/science/article/pii/S0167739X20301576,Citation catalogued in the survey
GS-0162,Improving low-precision network quantization via bin regularization,scholarly record,BdDDrJS38XEJ,1,Mapped: at least one sourced affiliation,E-0117,E-0391,https://ieeexplore.ieee.org/abstract/document/9711384/,"Selected substantive review, article 11"
GS-0163,Improving quantization-aware training of low-precision network via block replacement on full-precision counterpart,scholarly record,Bx93vPRWtWkJ,1,Mapped: at least one sourced affiliation,E-0721,E-0383; E-0393,https://arxiv.org/abs/2412.15846,Citation catalogued in the survey
GS-0164,合成条件对In2O3 纳米线阵列结构 及气敏性能的影响.,scholarly record,eMhcNutZyzcJ,4,Missing full text,,E-0442,https://openurl.ebsco.com/contentitem/gcd:170955881?sid=ebsco:plink:crawler-gcd&id=ebsco:gcd:170955881&crl=c&jrnl=16715489,Citation catalogued in the survey
GS-0165,In-memory computing to accelerate machine learning,scholarly record,_aySyVJHUbEJ,2,Mapped: at least one sourced affiliation,E-0713,E-0434,https://search.proquest.com/openview/805ad66eff4ad6637725dd95dd432f98/1?pq-origsite=gscholar&cbl=18750&diss=y,Citation catalogued in the survey
GS-0166,INT8 Activation Ternary or Binary Weights Networks: Unifying Between INT8 and Lower-bit Width Quantization,scholarly record,DpEtuw7kOMIJ,1,Mapped: at least one sourced affiliation,E-0595,E-0422,https://www.jstage.jst.go.jp/article/jrnal/9/2/9_10/_article/-char/ja/,"Selected substantive review, article 20"
GS-0167,Integer-only cnns with 4 bit weights and bit-shift quantization scales at full-precision accuracy,scholarly record,h58kIk_4zlkJ,1,Mapped: at least one sourced affiliation,E-0081,E-0402,https://www.mdpi.com/2079-9292/10/22/2823,"Selected substantive review, article 5"
GS-0168,Integer quantization for deep learning inference: Principles and empirical evaluation,scholarly record,w-Ncir6-5LAJ,1,Mapped: at least one sourced affiliation,E-0052,E-0375; E-0377,https://arxiv.org/abs/2004.09602,Citation catalogued in the survey
GS-0169,Integration and Reliability Aspects of Low-Temperature and Au-free Ta/Al-based Ohmic Contacts for AlGaN/GaN MIS-HEMTs,scholarly record,tN5KkBSHCN0J,3,Missing full text,,E-0439,https://ieeexplore.ieee.org/abstract/document/9631788/,Citation catalogued in the survey
GS-0170,Joint optimization for DNN model compression and corruption robustness,scholarly record,YmzWaOgk1sAJ,2,Missing full text,,E-0434,https://library.oapen.org/bitstream/handle/20.500.12657/57375/978-3-031-01233-4.pdf?sequence=1#page=413,Citation catalogued in the survey
GS-0171,Kdlsq-bert: A quantized bert combining knowledge distillation with learned step size quantization,scholarly record,DBqZAikYKzgJ,1,Affiliation review pending,E-0062,E-0394,https://arxiv.org/abs/2101.05938,Citation catalogued in the survey
GS-0172,Knowledge distillation and gradient estimation for active error compensation in approximate neural networks,scholarly record,WkazOa_k6AEJ,2,Mapped: at least one sourced affiliation,E-0625,E-0426; E-0434,https://ieeexplore.ieee.org/abstract/document/9473990/,Citation catalogued in the survey
GS-0173,Large language models utilizing element-wise operation-fusion,patent,zWkcHT0MLgcJ,7,Patent publication; catalogued separately,E-0603,E-0448,https://patents.google.com/patent/US12346673B1/en,Citation catalogued in the survey
GS-0174,Layer importance estimation with imprinting for neural network quantization,scholarly record,BO-LUldVH7cJ,2,Mapped: at least one sourced affiliation,E-0119,E-0426; E-0432,https://ieeexplore.ieee.org/abstract/document/9522743/,Citation catalogued in the survey
GS-0175,"Learned smartphone isp on mobile gpus, mobile ai 2025 challenge: Report",scholarly record,XD3H5Eo9OiAJ,1,Mapped: at least one sourced affiliation,E-0657,E-0375; E-0377; E-0384; E-0386,https://openaccess.thecvf.com/content/CVPR2025W/MAI/html/Ignatov_Learned_Smartphone_ISP_on_Mobile_GPUs_Mobile_AI_2025_Challenge_CVPRW_2025_paper.html,Citation catalogued in the survey
GS-0176,"Learned smartphone isp on mobile gpus with deep learning, mobile ai & aim 2022 challenge: report",scholarly record,ytLGdPpmLGkJ,1,Mapped: at least one sourced affiliation,E-0617,E-0381; E-0393,https://link.springer.com/chapter/10.1007/978-3-031-25066-8_3,Citation catalogued in the survey
GS-0177,"Learned smartphone isp on mobile npus with deep learning, mobile ai 2021 challenge: Report",scholarly record,NmzzsscT1XYJ,1,Mapped: at least one sourced affiliation,E-0050,E-0386; E-0391,https://ieeexplore.ieee.org/abstract/document/9523038/,Citation catalogued in the survey
GS-0178,Learning accurate integer transformer machine-translation models,scholarly record,B6pTa9LElVQJ,2,Mapped: at least one sourced affiliation,E-0679,E-0434,https://link.springer.com/article/10.1007/s42979-021-00688-4,Citation catalogued in the survey
GS-0179,Learning Efficient Datatypes for Deep Neural Network Training and Inference,scholarly record,gqrMhbzgPkkJ,2,Mapped: at least one sourced affiliation,E-0629,E-0426; E-0429; E-0434,https://search.proquest.com/openview/6e95ba2b4677680dddc8f982a6bbb430/1?pq-origsite=gscholar&cbl=18750&diss=y,Citation catalogued in the survey
GS-0180,Learning low-precision structured subnetworks using joint layerwise channel pruning and uniform quantization,scholarly record,iUASbhWZzlkJ,1,Mapped: at least one sourced affiliation,E-1288,E-0381; E-0400,https://www.mdpi.com/2076-3417/12/15/7829,Manual review 2026-10-08: specific technical citation
GS-0181,Learning non-uniform step sizes for neural network quantization,scholarly record,yUE3Tl8gU5gJ,1,Mapped: at least one sourced affiliation,E-0623,E-0383; E-0391,https://link.springer.com/chapter/10.1007/978-981-96-0966-6_4,Citation catalogued in the survey
GS-0182,Learning to Sparsify Differences of Synaptic Signal for Efficient Event Processing.,scholarly record,1meOqe498qYJ,1,Mapped: at least one sourced affiliation,E-0596,E-0418; E-0420,https://www.bmva-archive.org.uk/bmvc/2021/assets/papers/0126.pdf,Citation catalogued in the survey
GS-0183,Learning under Data Irregularity and Uncertainty,scholarly record,6Ey1RGaG99sJ,2,Mapped: at least one sourced affiliation,E-1289,E-0437,https://oaktrust.library.tamu.edu/items/5a4d42dc-8fee-4ae7-9b14-b2f7cd0ea324,Manual review 2026-10-08: named discussion and comparison — linked thesis
GS-0184,Lilnetx: Lightweight networks with extreme model compression and structured sparsification,scholarly record,jh7wJ3LS6LMJ,1,Mapped: at least one sourced affiliation,E-0718,E-0402,https://arxiv.org/abs/2204.02965,Citation catalogued in the survey
GS-0185,LLTQ+: A hardware-friendly quantization framework for modern YOLO architectures,scholarly record,duIrle9bS6QJ,1,Mapped: at least one sourced affiliation,E-1290,E-0400,https://ieeexplore.ieee.org/abstract/document/11142781/,Manual review 2026-10-08: technical lineage / background
GS-0186,Low-memory neural network training: A technical report,scholarly record,OLSwmmdygaoJ,2,Mapped: at least one sourced affiliation,E-0059,E-0426; E-0428; E-0429; E-0430,https://arxiv.org/abs/1904.10631,Citation catalogued in the survey
GS-0187,Low offset and noise in high biased GaN 2DEG Hall-effect plates investigated with infrared microscopy,scholarly record,GDGSvYK2cXoJ,3,Mapped: at least one sourced affiliation,E-0690,E-0439,https://ieeexplore.ieee.org/abstract/document/9164903/,Citation catalogued in the survey
GS-0188,Low-power computer vision: improve the efficiency of artificial intelligence,scholarly record,c78OpgN8XzQJ,2,Affiliation review pending,E-1291,E-0426; E-0432,https://ecommons.luc.edu/cs_facpubs/281/,Manual review 2026-10-08: incomplete source — hold
GS-0189,Low-precision floating-point arithmetic for high-performance FPGA-based CNN acceleration,scholarly record,2e5Cg1IJRlwJ,1,Mapped: at least one sourced affiliation,E-0110,E-0375; E-0377,https://dl.acm.org/doi/abs/10.1145/3474597,Citation catalogued in the survey
GS-0190,Low-precision hardware architectures meet recommendation model inference at scale,scholarly record,fmA0XJ2q3EMJ,1,Mapped: at least one sourced affiliation,E-0670,E-0402,https://ieeexplore.ieee.org/abstract/document/9435938/,Citation catalogued in the survey
GS-0191,Low temperature recovery of OFF-state stress induced degradation of AlGaN/GaN high electron mobility transistors,scholarly record,QtJumkSfioMJ,3,Mapped: at least one sourced affiliation,E-0605,E-0439,https://pubs.aip.org/aip/apl/article/124/1/013507/2932285,Citation catalogued in the survey
GS-0192,Lsq+: Improving low-bit quantization through learnable offsets and better initialization,scholarly record,G9JuJQg9kbkJ,1,Mapped: at least one sourced affiliation,E-0673,E-0375; E-0377,https://ieeexplore.ieee.org/abstract/document/9151058/,Citation catalogued in the survey
GS-0193,Machine learning for congestion management and routability prediction within FPGA placement,scholarly record,AgRjrfh5MIYJ,5,Mapped: at least one sourced affiliation,E-1292,E-0444,https://dl.acm.org/doi/abs/10.1145/3373269,Manual review 2026-10-08: other applicant work — outside TQT
GS-0194,Machine learning hardware having reduced precision parameter components for efficient parameter update,patent,E3SVRINP4EsJ,2,Patent publication; catalogued separately,E-0688,E-0432,https://patents.google.com/patent/US20210064985A1/en,Citation catalogued in the survey
GS-0195,Making Differentiable Neural-architecture Searches Applicable and Hardware-aware,scholarly record,q5zGxV5haswJ,1,Mapped: at least one sourced affiliation,E-1293,E-0385; E-0418; E-0420,,Manual review 2026-10-08: technical background
GS-0196,Mega: A memory-efficient gnn accelerator exploiting degree-aware mixed-precision quantization,scholarly record,OS0mYYZbG6EJ,1,Mapped: at least one sourced affiliation,E-0723,E-0383; E-0391,https://ieeexplore.ieee.org/iel7/10476359/10476395/10476431.pdf,Citation catalogued in the survey
GS-0197,Membership Inference Security: An Alternative Path to Confidentiality,scholarly record,GuJWqvTss4IJ,1,Mapped: at least one sourced affiliation,E-1294,E-0376,https://theses.hal.science/tel-05466366/,Manual review 2026-10-08: background citation
GS-0198,Memory-driven mixed low precision quantization for enabling deep network inference on microcontrollers,scholarly record,WKN9PiObltMJ,2,Mapped: at least one sourced affiliation,E-0058,E-0428; E-0430,https://proceedings.mlsys.org/paper_files/paper/2020/hash/0c8abcf158ed12d0dd94480681186fda-Abstract.html,Citation catalogued in the survey
GS-0199,Memory-efficient dataflow inference for deep CNNs on FPGA,scholarly record,4t3zqTKCU7AJ,2,Mapped: at least one sourced affiliation,E-0048,E-0430; E-0432,https://ieeexplore.ieee.org/abstract/document/9415618/,Citation catalogued in the survey
GS-0200,Minimally invasive surgery for sparse neural networks in contrastive manner,scholarly record,nYz1nTtB56EJ,2,Mapped: at least one sourced affiliation,E-0122,E-0434,https://ieeexplore.ieee.org/abstract/document/9578288/,Citation catalogued in the survey
GS-0201,Mitigating the impact of outlier channels for language model quantization with activation regularization,scholarly record,kzFAGeZF30gJ,1,Mapped: at least one sourced affiliation,E-0626,E-0383; E-0391,https://arxiv.org/abs/2404.03605,Citation catalogued in the survey
GS-0202,Mixed Low-bit Quantization for Model Compression with Layer Importance and Gradient Estimations,scholarly record,3lplYHgLJjQJ,2,Mapped: at least one sourced affiliation,E-0669,E-0437,https://ualberta.scholaris.ca/bitstreams/018c059e-99ae-460f-a3d2-f5ed23b535dc/download,Citation catalogued in the survey
GS-0203,Mixed precision capable hardware for tuning a machine learning model,patent,85c7YLSXBCcJ,2,Patent publication; catalogued separately,E-0710,E-0434,https://patents.google.com/patent/US20210064372A1/en,Citation catalogued in the survey
GS-0204,Mixed precision dnns: All you need is a good parametrization,scholarly record,SchgLhjy2EIJ; k2tRFSt95rgJ,2,Mapped: at least one sourced affiliation,E-0087,E-0426; E-0428; E-0429; E-0430; E-0437,https://arxiv.org/abs/1905.11452; ,"Selected substantive review, article 2"
GS-0205,Mixed-precision neural networks: A survey,scholarly record,AaDM7S1nL5gJ,2,Mapped: at least one sourced affiliation,E-0708,E-0428; E-0430,https://arxiv.org/abs/2208.06064,Citation catalogued in the survey
GS-0206,Mix-gemm: An efficient hw-sw architecture for mixed-precision quantized deep neural networks inference on edge devices,scholarly record,gfKnRsXjN74J,1,Mapped: at least one sourced affiliation,E-1295,E-0375; E-0377; E-0382,https://ieeexplore.ieee.org/abstract/document/10071076/,Manual review 2026-10-08: specific method use — employer linked
GS-0207,Mobilenets can be lossily compressed: Neural network compression for embedded accelerators,scholarly record,OhwjZG6vCYwJ,1,Mapped: at least one sourced affiliation,E-1296,E-0403,https://www.mdpi.com/2079-9292/11/6/858,Manual review 2026-10-08: background citation
GS-0208,Model Adaptation for Edge AI,scholarly record,fd3lCY0aLawJ,2,Mapped: at least one sourced affiliation,E-1297,E-0434,https://search.proquest.com/openview/22e10c442649f7299b6092a4cd797e30/1?pq-origsite=gscholar&cbl=2026366&diss=y,Manual review 2026-10-08: incomplete source — hold
GS-0209,More is Less–Byte-quantized models are faster than bit-quantized models on the edge,scholarly record,_aJGehIJAXEJ,2,Missing full text,,E-0426; E-0429; E-0434,https://ieeexplore.ieee.org/abstract/document/10020437/,Citation catalogued in the survey
GS-0210,MRQ: Support multiple quantization schemes through model re-quantization,scholarly record,WcjiwpmipwsJ,1,Mapped: at least one sourced affiliation,E-0729,E-0418; E-0420,https://arxiv.org/abs/2308.01867,Citation catalogued in the survey
GS-0211,Multi-Level Quantization of Stochastic Variational Inference based Bayesian Neural Networks,scholarly record,ca66_auhhd4J,1,Mapped: at least one sourced affiliation,E-1298,E-0384,https://archiv.ub.uni-heidelberg.de/volltextserver/37233/,Manual review 2026-10-08: background citation
GS-0212,Multiterminal pathfinding in practical VLSI systems with deep neural networks,scholarly record,WbELSGOJ7z4J,5,Mapped: at least one sourced affiliation,E-1299,E-0444,https://dl.acm.org/doi/abs/10.1145/3564930,Manual review 2026-10-08: other applicant work — outside TQT
GS-0213,Neural gradients are near-lognormal: improved quantized and sparse training,scholarly record,iobvstVBM4IJ,1,Mapped: at least one sourced affiliation,E-0067,E-0391,https://arxiv.org/abs/2006.08173,Citation catalogued in the survey
GS-0214,Neural network circuitry having floating point format with asymmetric range,patent,-wgqs0svYE8J,2,Patent publication; catalogued separately,E-0634,E-0434,https://patents.google.com/patent/US20210064976A1/en,Citation catalogued in the survey
GS-0215,Neural network compression framework for fast model inference,scholarly record,w4jkDDdL5sAJ,1,Affiliation review pending,E-0104,E-0393,https://link.springer.com/chapter/10.1007/978-3-030-80129-8_17,Citation catalogued in the survey
GS-0216,Neural network quantization methods for FPGA on-board processing of satellite images,scholarly record,XSeeZ2xRBGEJ,1,Mapped: at least one sourced affiliation,E-1300,E-0390,https://theses.hal.science/tel-04883343/,Manual review 2026-10-08: comparison with attribution issue
GS-0217,Neural Quantization-Aware Piecewise Linear Approximation for Nonlinear Functions on FPGA,scholarly record,8BABfaXDLtIJ,1,Missing full text,,E-0376; E-0385; E-0409,https://ieeexplore.ieee.org/abstract/document/11562458/,Citation catalogued in the survey
GS-0218,Next generation arithmetic for edge computing,scholarly record,IxC14aPzOR0J,2,Mapped: at least one sourced affiliation,E-0599,E-0426; E-0432,https://past.date-conference.com/proceedings-archive/2020/pdf/1013.pdf,Citation catalogued in the survey
GS-0219,NITRO-D: native integer-only training of deep convolutional neural networks,scholarly record,BYJerk6K2bIJ,1,Mapped: at least one sourced affiliation,E-1301,E-0384; E-0400,https://journals.sagepub.com/doi/abs/10.3233/FAIA250855,Manual review 2026-10-08: grouped background / critical comparison
GS-0220,OAR: Training Quantization-Friendly Object Detectors via Outlier-Aware Restriction,scholarly record,4cELryPwy8oJ,1,Missing full text,,E-0422,https://openreview.net/forum?id=TtALfYr3Hp,Citation catalogued in the survey
GS-0221,On the Impact of White-box Deployment Strategies for Edge AI on Latency and Model Performance,scholarly record,k6L9OY94_EgJ,1,Missing full text,,E-0390; E-0409,https://arxiv.org/abs/2411.00907,Citation catalogued in the survey
GS-0222,On the implementation of neural network-based OFDM receivers,scholarly record,iqAC0CcbAgYJ,1,Missing full text,,E-0390; E-0403,https://ieeexplore.ieee.org/abstract/document/10683574/,Citation catalogued in the survey
GS-0223,On the opportunities of green computing: A survey,scholarly record,ljZFS1YiYsQJ,1,Mapped: at least one sourced affiliation,E-0614,E-0375; E-0377; E-0382; E-0386,https://arxiv.org/abs/2311.00447,Citation catalogued in the survey
GS-0224,On the quantization of neural models for speaker verification,scholarly record,LErv86V_IK4J,1,Missing full text,,E-0390; E-0400,https://ieeexplore.ieee.org/abstract/document/10684732/,Citation catalogued in the survey
GS-0225,Optimization MobileNetV3-small Model for Diabetic Foot Ulcers Classification.,scholarly record,MUe5oGl1K2oJ,1,Missing full text,,E-0402,https://openurl.ebsco.com/contentitem/gcd:187962809?sid=ebsco:plink:crawler-gcd&id=ebsco:gcd:187962809&crl=c&jrnl=2185310X,Citation catalogued in the survey
GS-0226,Optimization of Convolutional Neural Networks for Constrained Devices through Binarization,scholarly record,yAhK9lfakF8J,1,Mapped: at least one sourced affiliation,E-0076,E-0422,https://carleton.scholaris.ca/items/7e2455e4-0b97-4a49-ae67-6805cf474930,Citation catalogued in the survey
GS-0227,Optimizing the deployment of tiny transformers on low-power MCUs,scholarly record,JvbsHynHd3EJ,1,Mapped: at least one sourced affiliation,E-0608,E-0375; E-0377; E-0383,https://ieeexplore.ieee.org/abstract/document/10755971/,"Selected substantive review, article 4"
GS-0228,Overcoming oscillations in quantization-aware training,scholarly record,P_tb0l1V_GYJ,2,Affiliation review pending,E-0684,E-0426; E-0428; E-0429; E-0430,http://proceedings.mlr.press/v162/nagel22a.html,Citation catalogued in the survey
GS-0229,Overflow aware quantization: Accelerating neural network inference by low-bit multiply-accumulate operations,scholarly record,_ywMUhgyamUJ,1,Affiliation review pending,E-0080,E-0402,https://www.researchgate.net/profile/Mingyang-Li-65/publication/342796298_Overflow_Aware_Quantization_Accelerating_Neural_Network_Inference_by_Low-bit_Multiply-Accumulate_Operations/links/61e644a65779d35951b6cf4c/Overflow-Aware-Quantization-Accelerating-Neural-Network-Inference-by-Low-bit-Multiply-Accumulate-Operations.pdf,Citation catalogued in the survey
GS-0230,P2CTS-3D IC: an efficient placement aware partitioning and clock tree synthesis in 3D-integrated circuits,thesis/dissertation,aP7dzO7vJtIJ,5,Affiliation review pending,E-0633,E-0444,https://ph02.tci-thaijo.org/index.php/ijast/article/view/242308,Citation catalogued in the survey
GS-0231,P2-ViT: Power-of-Two Post-Training Quantization and Acceleration for Fully Quantized Vision Transformer,scholarly record,hToox_UP1AkJ,1,Mapped: at least one sourced affiliation,E-0114,E-0375; E-0377; E-0383,https://ieeexplore.ieee.org/abstract/document/10596041/,Citation catalogued in the survey
GS-0232,Parametric Power-Of-2 Clipping Activations for Quantization for Convolutional Neural Networks,patent,IalpLEWHnQQJ,1; 2,Patent publication; catalogued separately,E-0655,E-0409; E-0434,https://patents.google.com/patent/US20210224658A1/en,Citation catalogued in the survey
GS-0233,Parametric Power-Of-2 Clipping Activations for Quantization for Convolutional Neural Networks,patent,J-ADRBspJDkJ,2,Patent publication; catalogued separately,E-0635,E-0437,https://patents.google.com/patent/US20240394543A1/en,Citation catalogued in the survey
GS-0234,Pareto-optimal quantized resnet is mostly 4-bit,scholarly record,eqBWWYErIssJ; 0xJEP_5NeCEJ,1,Mapped: at least one sourced affiliation,E-0047,E-0393; E-0424,https://ieeexplore.ieee.org/abstract/document/9522934/; https://www.academia.edu/download/83748559/Abdolrashidi_Pareto-Optimal_Quantized_ResNet_Is_Mostly_4-Bit_CVPRW_2021_paper.pdf,Citation catalogued in the survey
GS-0235,Performance Analysis of SRF PLL Type-3 with Dynamic Feed Forward Frequency Estimator for Abnormal Grid Conditions.,scholarly record,V_IXij4KNXkJ,6,Mapped: at least one sourced affiliation,E-1302,E-0446,https://papers.itc.pw.edu.pl/index.php/JPT/article/view/1739,Manual review 2026-10-08: other applicant work — outside TQT
GS-0236,p-GaN gate HEMTs with 10.6 V maximum gate drive voltages by Mg doping engineering,scholarly record,jOZgC-mzKtYJ,3,Missing full text,,E-0439,https://ieeexplore.ieee.org/abstract/document/9737317/,Citation catalogued in the survey
GS-0237,PKTQ: Per‐Kernel Thresholded Quantization With Size‐Constrained Two‐Stage Optimization for CNNs,scholarly record,O5cBTQdpMVAJ,1,Mapped: at least one sourced affiliation,E-1303,E-0385; E-0409,https://ietresearch.onlinelibrary.wiley.com/doi/abs/10.1049/ell2.70562,Manual review 2026-10-08: citation mismatch — exclude from reliance shortlist
GS-0238,Post-Training Optimization of Cross-layer Approximate Computing for Edge Inference of Deep Learning Applications,scholarly record,FCjfD-vkiToJ,1,Mapped: at least one sourced affiliation,E-0685,E-0390; E-0418; E-0420,https://tud.qucosa.de/en/landing-page/https%3A%2F%2Ftud.qucosa.de%2Fapi%2Fqucosa%253A88978%2Fmets/,Citation catalogued in the survey
GS-0239,"Power efficient video super-resolution on mobile npus with deep learning, mobile ai & aim 2022 challenge: Report",scholarly record,JlY8-jYZqd0J,1,Mapped: at least one sourced affiliation,E-0711,E-0381; E-0394,https://link.springer.com/chapter/10.1007/978-3-031-25066-8_6,Citation catalogued in the survey
GS-0240,하드웨어 구현에 효율적인 Power-of-Two 균일 양자화 기법 연구,scholarly record,W8XoAfRZ7TMJ,1,Missing full text,,E-0424,https://www.dbpia.co.kr/pdf/pdfView.do?nodeId=NODE10591277,Citation catalogued in the survey
GS-0241,Pretraining Transformers with Quantized Softmax in Attention,scholarly record,D-tYFZDL75YJ,1,Mapped: at least one sourced affiliation,E-0604,E-0376; E-0385; E-0403,https://arxiv.org/abs/2609.33591,Citation catalogued in the survey
GS-0242,ProxSim: GPU-based simulation framework for cross-layer approximate DNN optimization,scholarly record,rUxxGWFUiCEJ,2,Mapped: at least one sourced affiliation,E-0613,E-0428; E-0432,https://esim-project.eu/files/Images/people/chair-pd/Papers/date_framework.pdf,Citation catalogued in the survey
GS-0243,Pruning and quantization for efficient deep neural networks,scholarly record,S4P2SZ3vYBYJ,1,Mapped: at least one sourced affiliation,E-0612,E-0418; E-0420,https://freidok.uni-freiburg.de/files/228535/vhpOVY306m6WNlUs/main.pdf,Citation catalogued in the survey
GS-0244,Pruning vs quantization: Which is better?,scholarly record,Apy-5SNsN80J,2,Mapped: at least one sourced affiliation,E-0709,E-0428; E-0430,https://proceedings.neurips.cc/paper_files/paper/2023/hash/c48bc80aa5d3cbbdd712d1cc107b8319-Abstract-Conference.html,Citation catalogued in the survey
GS-0245,Ps and qs: Quantization-aware pruning for efficient low latency neural network inference,scholarly record,gbfAkSDI-A8J,1,Mapped: at least one sourced affiliation,E-0118,E-0375; E-0377,https://www.frontiersin.org/journals/artificial-intelligence/articles/10.3389/frai.2021.676564/full,Citation catalogued in the survey
GS-0246,Qbitopt: Fast and accurate bitwidth reallocation during training,scholarly record,-7GRqtgKsCEJ,2,Mapped: at least one sourced affiliation,E-0601,E-0432,https://ieeexplore.ieee.org/abstract/document/10350468/,Citation catalogued in the survey
GS-0247,QFT: Post-training quantization via fast joint finetuning of all degrees of freedom,scholarly record,cUHd4vTJcqkJ,1,Affiliation review pending,E-0678,E-0381; E-0394,https://link.springer.com/chapter/10.1007/978-3-031-25082-8_8,Citation catalogued in the survey
GS-0248,Qkd: Quantization-aware knowledge distillation,scholarly record,w-F-v0NHCcsJ,1,Mapped: at least one sourced affiliation,E-0056,E-0375; E-0377; E-0378,https://arxiv.org/abs/1911.12491,"Selected substantive review, article 10"
GS-0249,Quantization-aware and tensor-compressed training of transformers for natural language understanding,scholarly record,yG264x3cFRYJ,1,Mapped: at least one sourced affiliation,E-0594,E-0382; E-0400,https://arxiv.org/abs/2306.01076,Citation catalogued in the survey
GS-0250,Quantization effects of deep neural networks on a FPGA platform,scholarly record,GVauGr8olYIJ,2,Missing full text,,E-0432,https://ieeexplore.ieee.org/abstract/document/10640013/,Citation catalogued in the survey
GS-0251,Quantization of generative adversarial networks for efficient inference: A methodological study,scholarly record,fm7hCajHd6sJ,1,Mapped: at least one sourced affiliation,E-0112,E-0400,https://ieeexplore.ieee.org/abstract/document/9956041/,Citation catalogued in the survey
GS-0252,Quantization via distillation and contrastive learning,scholarly record,nSD1BgTUh9YJ,1,Missing full text,,E-0382; E-0391,https://ieeexplore.ieee.org/abstract/document/10227741/,Citation catalogued in the survey
GS-0253,"Quantized image super-resolution on mobile npus, mobile ai 2025 challenge: Report",scholarly record,xyL031UpypoJ,1,Mapped: at least one sourced affiliation,E-0610,E-0375; E-0377; E-0386,https://ieeexplore.ieee.org/abstract/document/11147935/,Citation catalogued in the survey
GS-0254,Quantized sparse training: A unified trainable framework for joint pruning and quantization in DNNs,scholarly record,bDpY3eKEXBYJ,2,Mapped: at least one sourced affiliation,E-1304,E-0432,https://dl.acm.org/doi/abs/10.1145/3524066,Manual review 2026-10-08: named exposition and implemented comparison
GS-0255,Q-vit: Fully differentiable quantization for vision transformer,scholarly record,SEW2GV_H51YJ,1,Mapped: at least one sourced affiliation,E-0620,E-0375; E-0377; E-0381; E-0386,https://arxiv.org/abs/2201.07703,Citation catalogued in the survey
GS-0256,Rand: Robustness Aware Norm Decay for Quantized Neural Networks,scholarly record,mToyh4zbcE8J,1,Missing full text,,E-0390; E-0409,https://ieeexplore.ieee.org/abstract/document/10832205/,Citation catalogued in the survey
GS-0257,Rand: Robustness aware norm decay for quantized seq2seq models,scholarly record,10NEyXXlT_EJ,1,Affiliation review pending,E-0616,E-0409,https://arxiv.org/abs/2305.15536,Citation catalogued in the survey
GS-0259,"Realistic bokeh effect rendering on mobile gpus, mobile ai & aim 2022 challenge: report",scholarly record,dFpYGd9_-6kJ,1,Mapped: at least one sourced affiliation,E-0717,E-0381; E-0400,https://link.springer.com/chapter/10.1007/978-3-031-25066-8_7,Citation catalogued in the survey
GS-0260,Real-Time Implementation of 3D LiDAR Point Cloud Semantic Segmentation in an FPGA,scholarly record,jYKY0B3NHEcJ,1,Affiliation review pending,E-0697,E-0422,https://search.proquest.com/openview/d69069a56c1cc595be992b6348947dbc/1?pq-origsite=gscholar&cbl=2026366&diss=y,Citation catalogued in the survey
GS-0261,"Real-time quantized image super-resolution on mobile npus, mobile ai 2021 challenge: Report",scholarly record,1gwUKDTPxa0J,1,Mapped: at least one sourced affiliation,E-0666,E-0391,https://ieeexplore.ieee.org/abstract/document/9523104/,Citation catalogued in the survey
GS-0262,"Real-time video super-resolution on smartphones with deep learning, mobile ai 2021 challenge: Report",scholarly record,OmtQKMh9SXQJ,1,Mapped: at least one sourced affiliation,E-0622,E-0391,https://ieeexplore.ieee.org/abstract/document/9523107/,Citation catalogued in the survey
GS-0263,Recent advances in machine learning based advanced driver assistance system applications,scholarly record,k-hrSzxG9T4J,1,Missing full text,,E-0383; E-0393,https://www.sciencedirect.com/science/article/pii/S0141933124000966,Citation catalogued in the survey
GS-0264,Releasing the potential of tensor core for unstructured spmm using tiled-csr format,scholarly record,nyBj365oW0sJ,1,Missing full text,,E-0382; E-0400,https://ieeexplore.ieee.org/abstract/document/10361013/,Citation catalogued in the survey
GS-0265,Rescaling-Aware Training for Efficient Deployment of Deep Learning Models on Full-Integer Hardware,scholarly record,JweyR9K7ehUJ,1,Mapped: at least one sourced affiliation,E-0727,E-0385; E-0409,https://ieeexplore.ieee.org/abstract/document/11481103/,Citation catalogued in the survey
GS-0266,Research on Text Recognition Method of Financial Documents,scholarly record,r9QUy3LMjcsJ,1,Mapped: at least one sourced affiliation,E-1305,E-0422,https://dl.acm.org/doi/abs/10.1145/3488933.3489008,Manual review 2026-10-08: citation mismatch — exclude from reliance shortlist
GS-0267,Resource-efficient deep neural networks for automotive radar interference mitigation,scholarly record,-boZytFB9mkJ,1,Mapped: at least one sourced affiliation,E-0045,E-0386; E-0391,https://ieeexplore.ieee.org/abstract/document/9364355/,Citation catalogued in the survey
GS-0268,Resq: Residual quantization for video perception,scholarly record,9avyqo068skJ,2,Affiliation review pending,E-0121,E-0426; E-0428; E-0429; E-0432,https://openaccess.thecvf.com/content/ICCV2023/html/Abati_ResQ_Residual_Quantization_for_Video_Perception_ICCV_2023_paper.html,Citation catalogued in the survey
GS-0269,Rethinking Neural Network Quantization,scholarly record,2p7HGBV6iBUJ,2,Missing full text,,E-0437,https://openreview.net/forum?id=HygQ7TNtPr,Citation catalogued in the survey
GS-0270,"Rgb photo enhancement on mobile gpus, mobile ai 2025 challenge: Report",scholarly record,sZbFeKRkWisJ,1,Mapped: at least one sourced affiliation,E-0730,E-0375; E-0377,https://ieeexplore.ieee.org/abstract/document/11147766/,Citation catalogued in the survey
GS-0271,Role of mechanical stress localizations on the radiation hardness of AlGaN/GaN high electron mobility transistors,scholarly record,vDvheJ3VOgwJ,3,Mapped: at least one sourced affiliation,E-1306,E-0439,https://iopscience.iop.org/article/10.1088/1361-6463/ad8b58/meta,Manual review 2026-10-08: other applicant work — outside TQT
GS-0272,Scalar and vector quantization for learned image compression: A study on the effects of MSE and GAN loss in various spaces,scholarly record,YwSiqVd4G0cJ,2,Mapped: at least one sourced affiliation,E-1307,E-0434,https://ieeexplore.ieee.org/abstract/document/9294350/,Manual review 2026-10-08: background citation
GS-0273,SCULPT: Training Edge Vision Models for Post-Training Quantization Readiness,scholarly record,VpgJTqhl2WMJ,1,Mapped: at least one sourced affiliation,E-0591,E-0376; E-0385; E-0409,https://arxiv.org/abs/2609.01743,Citation catalogued in the survey
GS-0274,Searching architecture and precision for u-net based image restoration tasks,scholarly record,G_K13w99SVIJ,1,Mapped: at least one sourced affiliation,E-0597,E-0409,https://ieeexplore.ieee.org/abstract/document/9506777/,Citation catalogued in the survey
GS-0275,Selective focus: investigating semantics sensitivity in post-training quantization for lane detection,scholarly record,sJqOaCUAIxcJ,1,Mapped: at least one sourced affiliation,E-0082,E-0390; E-0400,https://ojs.aaai.org/index.php/AAAI/article/view/29080,Citation catalogued in the survey
GS-0276,Self-supervised generative adversarial compression,scholarly record,FDJm4N9Gil0J,2,Affiliation review pending,E-0632,E-0434,https://proceedings.neurips.cc/paper_files/paper/2020/hash/5d79099fcdf499f12b79770834c0164a-Abstract.html,Citation catalogued in the survey
GS-0277,SFC: achieve accurate fast convolution under low-precision arithmetic,scholarly record,fGi_0vWjjeIJ,1,Affiliation review pending,E-0628,E-0390; E-0402,https://arxiv.org/abs/2407.02913,Citation catalogued in the survey
GS-0278,Shedding the bits: Pushing the boundaries of quantization with minifloats on FPGAs,scholarly record,EVfrefFHeJ8J,2,Mapped: at least one sourced affiliation,E-0648,E-0426; E-0432,https://ieeexplore.ieee.org/abstract/document/10705489/,Citation catalogued in the survey
GS-0279,Signed Symmetric Quantization for Few-Bit Integers,scholarly record,a7IJjBvcCXUJ,1,Affiliation review pending,E-0611,E-0385; E-0403,https://arxiv.org/abs/2607.08779,Citation catalogued in the survey
GS-0280,"Simulated quantization, real power savings",scholarly record,Q37r4D1DWPIJ,2,Affiliation review pending,E-0120,E-0432,https://ieeexplore.ieee.org/abstract/document/9857499/,Citation catalogued in the survey
GS-0281,SINAİ MÜLKİYETİN GELECEĞİNDE YAPAY ZEKÂ VE BÜYÜK VERİ'NİN YERİ,scholarly record,YwtJfXE1RY0J,5,Missing full text,,E-0444,,Citation catalogued in the survey
GS-0282,Software-Hardware Co-Optimized High-Throughput CNN Acceleration Architecture for on-board Remote Sensing Based on Distribution Difference-Aware Mixed …,scholarly record,PTboV4KVxk4J,1,Mapped: at least one sourced affiliation,E-1308,E-0385; E-0403,https://ieeexplore.ieee.org/abstract/document/11510760/,Manual review 2026-10-08: bibliography citation — body unresolved
GS-0283,Some Remarks on Replicated Simulated Annealing: V. Gripon,scholarly record,Dtt4OyClPHsJ,2,Mapped: at least one sourced affiliation,E-0707,E-0434,https://link.springer.com/article/10.1007/s10955-021-02727-z,Citation catalogued in the survey
GS-0284,Spaq-dl-slam: Towards optimizing deep learning-based slam for resource-constrained embedded platforms,scholarly record,4OTB4MIcEHgJ,1,Mapped: at least one sourced affiliation,E-0726,E-0383; E-0386; E-0394,https://arxiv.org/abs/2409.14515,Citation catalogued in the survey
GS-0285,Squat: Sharpness-and quantization-aware training for bert,scholarly record,FwJ4vQC0GYYJ,1,Affiliation review pending,E-0695,E-0381; E-0400,https://arxiv.org/abs/2210.07171,Citation catalogued in the survey
GS-0286,Stable operation of AlGaN/GaN HEMTs for 25 h at 400° C in air,scholarly record,WDHfLmtZd5MJ; MukiemwqeocJ; wRybB7PrvYcJ,3,Mapped: at least one sourced affiliation,E-0649; E-1309,E-0439; E-0440,https://ieeexplore.ieee.org/abstract/document/8809869/; https://scholar.archive.org/work/36guvfeunvevbcb6clugx42mg4/access/wayback/https://ieeexplore.ieee.org/ielx7/6245494/8656606/08809869.pdf; https://www.researchgate.net/profile/Saleh-Kargarrazi-2/publication/331519562_Stable_Operation_of_AlGaNGaN_HEMTs_at_400circC_in_air_for_25_hours/links/5dc60a07a6fdcc57503489ab/Stable-Operation-of-AlGaN-GaN-HEMTs-at-400circC-in-air-for-25-hours.pdf,Manual review 2026-10-08: other applicant work — outside TQT
GS-0288,Starting Positions Matter: A Study on Better Weight Initialization for Neural Network Quantization,scholarly record,qfFIxfVQuAIJ,1,Mapped: at least one sourced affiliation,E-0683,E-0402,https://arxiv.org/abs/2506.10463,Citation catalogued in the survey
GS-0289,Stepbaq: Stepping backward as correction for quantized diffusion models,scholarly record,HcPPsAILXy8J,1,Affiliation review pending,E-0592,E-0383; E-0394,https://proceedings.neurips.cc/paper_files/paper/2024/hash/615675cc6e94ddb1a783904fb178b5f6-Abstract-Conference.html,Citation catalogued in the survey
GS-0290,"Strain Localization, Defect Evolution, and Improving Resilience of Wide Bandgap Semiconductors",scholarly record,FTUFjpJ7zHMJ,3,Mapped: at least one sourced affiliation,E-1310,E-0439,https://search.proquest.com/openview/eba211cf036cdc6cb68c638522a4ed1a/1?pq-origsite=gscholar&cbl=18750&diss=y,Manual review 2026-10-08: other applicant work — outside TQT
GS-0291,StruM: Structured Mixed Precision for Efficient Deep Learning Hardware Codesign,scholarly record,cU_6o3DfY_0J,1,Affiliation review pending,E-0682,E-0409,https://arxiv.org/abs/2501.18953,Citation catalogued in the survey
GS-0292,Study on the Characteristics of Schottky Temperature Detector Based on Metal/n-ZnO/n-Si Structures,scholarly record,JzF9_Sk8L5sJ,4,Missing full text,,E-0442,https://www.benthamdirect.com/content/journals/mns/10.2174/1876402912999200910165426,Citation catalogued in the survey
GS-0293,Synergistic Effects of Radiation and Stress Localization on Wide-Bandgap Semiconductor Devices,scholarly record,UJMfM4FUAWsJ,3,Mapped: at least one sourced affiliation,E-1311,E-0439,https://search.proquest.com/openview/a7df46807b5277bf24f0a3f92b5167cf/1?pq-origsite=gscholar&cbl=18750&diss=y,Manual review 2026-10-08: other applicant work — outside TQT
GS-0294,Temperature-Dependent Characterization of 2-DEG for Single-and Double-Channel GaN on SiC HEMTs: MA Alim et al.,scholarly record,OvxA-pD64mQJ,3,Missing full text,,E-0439,https://link.springer.com/article/10.1007/s11664-025-12035-x,Citation catalogued in the survey
GS-0295,Temperature-induced degradation of GaN HEMT: An in situ heating study,scholarly record,a8XMjTptyV0J,3,Mapped: at least one sourced affiliation,E-0602,E-0439,https://pubs.aip.org/avs/jvb/article/42/3/032209/3285546,Citation catalogued in the survey
GS-0296,Tempus Core: Area-Power Efficient Temporal-Unary Convolution Core for Low-Precision Edge DLAs,scholarly record,s3n_5mVWqPYJ,1,Mapped: at least one sourced affiliation,E-0720,E-0384; E-0409,https://ieeexplore.ieee.org/abstract/document/10993016/,Citation catalogued in the survey
GS-0297,Tensor compression,patent,5KgTNxgKxToJ,1,Patent publication; catalogued separately,E-0637,E-0418,https://patents.google.com/patent/US11461625B1/en,Citation catalogued in the survey
GS-0298,The case for 4-bit precision: k-bit inference scaling laws,scholarly record,VhdKmOrSDjQJ,1,Mapped: at least one sourced affiliation,E-0728,E-0375; E-0377; E-0382,https://proceedings.mlr.press/v202/dettmers23a,Citation catalogued in the survey
GS-0299,The effect of bias conditions on AlGaN/GaN 2DEG Hall plates,scholarly record,ceMeEHVAZA0J,8,Mapped: at least one sourced affiliation,E-0644,E-0450,https://engineering.purdue.edu/oxidemems/conferences/hh2018/PDFs/Papers/hh2018_0194.pdf,Citation catalogued in the survey
GS-0300,The Interplay of Information Theory and Deep Learning: Frameworks to Improve Deep Learning Efficiency and Accuracy,scholarly record,U-CBgNhJFS4J,2,Mapped: at least one sourced affiliation,E-1312,E-0434,https://uwspace.uwaterloo.ca/items/860ffcf2-05db-4dc0-ae03-eca2aade3955,Manual review 2026-10-08: background citation
GS-0301,TinyMl Computer Vision Using Coarsely-Quantized Log-Gradient Input Images,scholarly record,wKztEavVueQJ,1,Mapped: at least one sourced affiliation,E-1313,E-0418; E-0420,https://search.proquest.com/openview/8bfc49acfe898b1fe1cd52b842cb54ec/1?pq-origsite=gscholar&cbl=18750&diss=y,Manual review 2026-10-08: incomplete source — hold
GS-0302,Towards Efficient and Effective Inference for Large-Scale Models,scholarly record,j6W5BabCv2sJ,1,Mapped: at least one sourced affiliation,E-1314,E-0376,https://search.proquest.com/openview/7aea112830831c099fc26b1d66d39e80/1?pq-origsite=gscholar&cbl=2026366&diss=y,Manual review 2026-10-08: incomplete source — hold
GS-0303,Towards efficient training for neural network quantization,scholarly record,1sLGLQlPZNwJ,2,Affiliation review pending,E-0060,E-0430,https://arxiv.org/abs/1912.10207,Citation catalogued in the survey
GS-0304,Towards machine learning-based fpga backend flow: Challenges and opportunities,scholarly record,iYa0KfRNLNUJ,5,Mapped: at least one sourced affiliation,E-1315,E-0444,https://www.mdpi.com/2079-9292/12/4/935,Manual review 2026-10-08: other work — named critical discussion
GS-0305,Towards machine learning for placement and routing in chip design: a methodological overview,scholarly record,6BybiSwWZY0J,5,Mapped: at least one sourced affiliation,E-0646,E-0444,https://arxiv.org/abs/2202.13564,Named discussion reviewed; not in the report
GS-0306,Towards real-world continual learning for human activity recognition,thesis/dissertation,fkirbesPBjoJ,1; 2,Mapped: at least one sourced affiliation,E-0696,E-0384; E-0426; E-0428; E-0429; E-0434,https://research-repository.st-andrews.ac.uk/bitstream/handle/10023/31787/Thesis-Martin-Schiemer-complete-version.pdf?sequence=3,Citation catalogued in the survey
GS-0307,Towards sample bias-aware deep neural network compression,scholarly record,RjeBvo33pv0J,2,Affiliation review pending,E-0638,E-0437,https://theses.lib.polyu.edu.hk/handle/200/13522,Citation catalogued in the survey
GS-0308,Training and application method apparatus system and stroage medium of neural network model,patent,EVkUK9G3_l0J,2,Patent publication; catalogued separately,E-0654,E-0437,https://patents.google.com/patent/US20210065011A1/en,Citation catalogued in the survey
GS-0309,Training DNNs resilient to adversarial and random bit-flips by learning quantization ranges,scholarly record,b0wwsfleupUJ,1,Mapped: at least one sourced affiliation,E-1316,E-0382; E-0402,https://openreview.net/forum?id=BxjHMPwZIH,Manual review 2026-10-08: named technical exposition
GS-0310,Training multi-bit quantized and binarized networks with a learnable symmetric quantizer,scholarly record,8rDBdIB1wkoJ,1,Mapped: at least one sourced affiliation,E-1317,E-0394,https://ieeexplore.ieee.org/abstract/document/9383003/,Manual review 2026-10-08: critical technical comparison
GS-0311,Training quantised neural networks with ste variants: the additive noise annealing algorithm,scholarly record,Vvp3c7kypgAJ,1,Mapped: at least one sourced affiliation,E-0123,E-0403,https://ieeexplore.ieee.org/abstract/document/9880084/,Citation catalogued in the survey
GS-0312,Transport mechanisms and Fermi-level pinning at metal/(10–11) semipolar GaN interfaces with and without TMAH passivation,scholarly record,JOTf4OFqJpYJ,4,Missing full text,,E-0442,https://iopscience.iop.org/article/10.35848/1347-4065/ae70b2/meta,Citation catalogued in the survey
GS-0313,Ultra-low precision 4-bit training of deep neural networks,scholarly record,D5qHPxfB4RIJ,2,Mapped: at least one sourced affiliation,E-0590,E-0430,https://proceedings.neurips.cc/paper_files/paper/2020/hash/13b919438259814cd5be8cb45877d577-Abstract.html,Citation catalogued in the survey
GS-0314,Understanding and overcoming the challenges of efficient transformer quantization,scholarly record,LeTtXkrq4HgJ,2,Affiliation review pending,E-0046,E-0430,https://aclanthology.org/2021.emnlp-main.627/,"Selected substantive review, article 7"
GS-0315,Understanding how orthogonality of parameters improves quantization of neural networks,scholarly record,GxAibCeHbVIJ,1,Mapped: at least one sourced affiliation,E-0109,E-0402; E-0403,https://ieeexplore.ieee.org/abstract/document/9772057/,"Selected substantive review, article 1"
GS-0316,Understanding neural network binarization with forward and backward proximal quantizers,scholarly record,o5ywDx3WecsJ,1,Mapped: at least one sourced affiliation,E-0701,E-0382; E-0386; E-0394,https://proceedings.neurips.cc/paper_files/paper/2023/hash/7f70331dbe58ad59d83941dfa7d975aa-Abstract-Conference.html,Citation catalogued in the survey
GS-0317,Up or down? adaptive rounding for post-training quantization,scholarly record,MI0VroYogtIJ,2,Affiliation review pending,E-0057,E-0430,https://proceedings.mlr.press/v119/nagel20a,"Selected substantive review, article 17"
GS-0318,Variable-rate learned image compression with integer-arithmetic-only inference,scholarly record,YJqGYSJUQu8J,1,Missing full text,,E-0400,https://www.sciencedirect.com/science/article/pii/S1047320325002482,Citation catalogued in the survey
GS-0319,VecQ: Minimal loss DNN model compression with vectorized weight quantization,scholarly record,aq12_tAeQXYJ,2,Mapped: at least one sourced affiliation,E-0719,E-0430,https://ieeexplore.ieee.org/abstract/document/9095420/,Citation catalogued in the survey
GS-0320,Where should we begin? a low-level exploration of weight initialization impact on quantized behaviour of deep neural networks,scholarly record,A3D7qU6F0HgJ,2,Mapped: at least one sourced affiliation,E-0691,E-0434,https://arxiv.org/abs/2011.14578,Citation catalogued in the survey
GS-0321,xDNN: inference for deep convolutional neural networks,scholarly record,60Pvy236hYUJ,2,Mapped: at least one sourced affiliation,E-1318,E-0432,https://dl.acm.org/doi/abs/10.1145/3473334,Manual review 2026-10-08: individual credit — employer linked
GS-0322,Xilinx DPU 를 이용한 CNN 기반 초해상화 하드웨어 구현,scholarly record,MTxtwA319YsJ,1,Missing full text,,E-0422,https://www.dbpia.co.kr/pdf/pdfView.do?nodeId=NODE11132538,Citation catalogued in the survey
GS-0323,xtern: Energy-efficient ternary neural network inference on risc-v-based edge systems,scholarly record,9949zZSrAmMJ,1,Mapped: at least one sourced affiliation,E-0607,E-0383; E-0393,https://ieeexplore.ieee.org/abstract/document/10631118/,Citation catalogued in the survey
GS-0324,"ZnO nanorod arrays and direct wire bonding on GaN surfaces for rapid fabrication of antireflective, high-temperature ultraviolet sensors",scholarly record,sFfYpWPgRdAJ,4,Mapped: at least one sourced affiliation,E-1319,E-0442,https://www.sciencedirect.com/science/article/pii/S0169433216312053,Manual review 2026-10-08: other applicant work — outside TQT
GS-0325,Метод квантования нейронных сетей обнаружения на встраиваемых системах,scholarly record,_pwISZ7ABb8J,1,Mapped: at least one sourced affiliation,E-1253,E-0376; E-0409,https://rrinformation.ru/media/information/2025/4/%D0%98%D0%A2_%D0%9D%D0%A0_10_4_6.pdf,Manual review 2026-10-08: technical background
GS-0326,객체 탐지 네트워크를 위한 정수 연산만을 사용한하드웨어 친화적인 양자화에 대한 연구,scholarly record,vUw88UPFS3wJ,1,Missing full text,,E-0424,https://www.dbpia.co.kr/pdf/pdfView.do?nodeId=NODE12143859,Citation catalogued; corrected non-Latin title grouping on 2026-10-08
GS-0327,Ultra-low Loss Quantization Method for Deep Neural Network Compression,scholarly record,5iUDDewj-SAJ; pt1N08Nhd5QJ,2,Mapped: at least one sourced affiliation,E-0680; E-0650,E-0426; E-0428; E-0429; E-0437,https://www.sciengine.com/sci-open/doi/pdf/BC57D9A204D3449F90289743D59984F0; https://www.sciengine.com/doi/10.13328/j.cnki.jos.006189,Citation catalogued; corrected non-Latin title grouping on 2026-10-08
