profile_entry,title,profile_citations,retrieved_scholar_records,deduplicated_works,mapped_works,scope_note
1,Trained quantization thresholds for accurate and efficient fixed-point inference of deep neural networks,227,216,206,105,Headline citations and record/unique-work totals are different measures; retrieved records may contain publication versions. Inventory and map totals exclude one work removed from the research; archived retrieval and profile counts are unchanged.
2,Trained uniform quantization for accurate and efficient neural network inference on fixed-point hardware,71,71,69,34,Headline citations and record/unique-work totals are different measures; retrieved records may contain publication versions.
3,Degradation of 2DEG transport properties in GaN-capped AlGaN/GaN heterostructures at 600° C in oxidizing and inert environments,22,22,21,6,Headline citations and record/unique-work totals are different measures; retrieved records may contain publication versions.
4,Interdigitated Pt-GaN Schottky interfaces for high-temperature soot-particulate sensing,15,15,15,1,Headline citations and record/unique-work totals are different measures; retrieved records may contain publication versions.
5,Training a fully convolutional neural network to route integrated Circuits,13,13,13,1,Headline citations and record/unique-work totals are different measures; retrieved records may contain publication versions.
6,A novel self-consistent model based optimal filter design for the improved dynamic performance of 3-phase PLLs for phase tracking under grid imperfections (Part 2),4,4,4,1,Headline citations and record/unique-work totals are different measures; retrieved records may contain publication versions.
7,System and method for implementing neural networks in integrated circuits,1,1,1,0,Headline citations and record/unique-work totals are different measures; retrieved records may contain publication versions.
8,Gallium Nitride Microelectronics for High-Temperature Environments,1,1,1,1,Headline citations and record/unique-work totals are different measures; retrieved records may contain publication versions.
9,An ML Compilation Stack for Autonomous Vehicles using MLIR,0,0,0,0,Headline citations and record/unique-work totals are different measures; retrieved records may contain publication versions.
10,Systematic DL Optimizations for Accurate and Efficient TensorRT Deployments on Cruise's Self-Driving Fleet,0,0,0,0,Headline citations and record/unique-work totals are different measures; retrieved records may contain publication versions.
11,TQT: Trained Quantization Thresholds,0,0,0,0,Headline citations and record/unique-work totals are different measures; retrieved records may contain publication versions.
