n,title,venue,count,venue_basis,body_pages,locator,source_evidence,count_evidence,count_pinpoint,marked_evidence,marked_filename,version,summary,evidence_type,authorship_link,bibliography_page
1,Understanding How Orthogonality of Parameters Improves Quantization of Neural Networks,"IEEE Transactions on Neural Networks and Learning Systems 34(12), 10737–10746 (2023)",12,Uses or extends TQT,"[1, 2, 3, 4, 5, 6, 7, 8, 9]","Physical PDF pp. 1–9 (printed pp. 10737–10745): TQT introduced as the quantized retraining method, log-domain threshold training as described in [25], TQT baseline retraining, experiments with and without TQT (Fig. 1(c), Table I, Section V-C, Fig. 3) and the conclusion; bibliography p. 10 (printed p. 10746), reference [25]",E-1436,E-0402,data.organic_results[19].inline_links.cited_by.total,E-1465,01-Orthogonality-MARKED.pdf,"Final IEEE TNNLS print, vol. 34, no. 12","NVIDIA and Bilkent University researchers adopt TQT as their quantized retraining method, stating ""we use TQT [25] as our baseline retraining method"" (p. 5) and crediting it with ""state-of-the-art results for several networks"" (p. 1). They train thresholds in the log domain and follow the five-epoch schedule of [25], noting implementation differences (pp. 4–6), report accuracy before and after TQT (Table I, p. 6), contrast results without TQT (p. 7) and in the conclusion describe ""a state-of-the-art TQT quantized retraining method"" (p. 9).",Direct methodological adoption,"Jain, Gural, Wu and Dick (2019), Trained quantization thresholds for accurate and efficient fixed-point inference of deep neural networks.",10
2,Mixed Precision DNNs: All you need is a good parametrization,ICLR 2020,230,ICORE2026 A* venue; >100 Scholar citations; Uses or extends TQT,"[1, 2, 4, 5, 8, 9]","PDF/printed pp. 1–2, 4–5, 8–9, introduction, quantizer constraints, experimental setup and TQT result rows; bibliography p. 10",E-0087,E-0430,data.organic_results[11].inline_links.cited_by.total,E-1466,02-Mixed-Precision-DNNs-MARKED.pdf,Author-hosted arXiv copy bearing ICLR 2020 publication header,"Sony researchers implement TQT as the fixed-bitwidth benchmark for their mixed-precision method, learning qmax at a fixed 2-bit width ""as was done in (Jain et al., 2019)"" and reporting the ""TQT"" configuration in their CIFAR-10 and ImageNet tables (pp. 8–9). They credit Jain et al., in work parallel to their own, with learning the quantizer's dynamic range through the straight-through estimator (p. 2) and cite it for the power-of-two step size that efficient hardware requires (p. 4).",Implemented experimental benchmark,"Jain, Gural, Wu and Dick (2019), Trained uniform quantization for accurate and efficient neural network inference on fixed-point hardware.",10
3,A Reduced-Precision Network for Image Reconstruction,"ACM Transactions on Graphics 39(6), Article 231 (SIGGRAPH Asia 2020)",41,ICORE2026 A* venue; Uses or extends TQT,"[3, 6]",Physical PDF pp. 3 and 6 (Section 5.1): trained quantization thresholds and log-space threshold training following Jain et al. [2019]; bibliography p. 11,E-1263,E-0379,data.organic_results[0].inline_links.cited_by.total,E-1483,03-QW-Net-MARKED.pdf,ACM Transactions on Graphics publisher PDF,"University of California, Santa Cruz and Intel researchers adopt TQT's threshold training in the quantization of their 4-bit QW-Net image-reconstruction network, stating ""Following Jain et al. [2019], we train the thresholds in log space"" to improve stability with quantized training (Section 5.1, p. 6). The article explains that Jain et al. and Esser et al. showed that quantization thresholds could be trained to improve accuracy, with a straight-through-estimator gradient that lets thresholds grow for dynamic range or shrink for precision (p. 3). The log-space training is attributed to Jain et al. alone.",Direct methodological adoption,"Jain, Gural, Wu and Dick (2019), Trained quantization thresholds for accurate and efficient fixed-point inference of deep neural networks.",11
4,Optimizing the Deployment of Tiny Transformers on Low-Power MCUs,"IEEE Transactions on Computers 74(2), 526–541 (2025)",47,Uses or extends TQT,"[1, 6]","Physical PDF p. 1 (printed p. 526), Section I: data quantization citation [3]; p. 6 (printed p. 531), Section IV-C: the uniform symmetric TQT quantizer used in the QuantLib flow; bibliography p. 15 (printed p. 540), reference [3]",E-1434,E-0375,data.organic_results[6].inline_links.cited_by.total,E-1484,04-Tiny-Transformers-MARKED.pdf,Published IEEE Transactions on Computers print,"Researchers in the ETH Zürich/University of Bologna PULP group quantize their tiny transformers for low-power microcontrollers with TQT, stating ""We use the uniform symmetric quantizer from the SotA [state-of-the-art] Trained Quantization Threshold (TQT) method [3]"", and specify the functional behavior of the TQT quantizer in their deployment flow (Section IV-C, p. 6). The introduction also cites TQT for data quantization among standard hardware-agnostic optimization techniques (p. 1).",Direct methodological use,"Jain, Gural, Wu and Dick (2020), Trained quantization thresholds for accurate and efficient fixed-point inference of deep neural networks.",15
5,Integer-Only CNNs with 4 Bit Weights and Bit-Shift Quantization Scales at Full-Precision Accuracy,"Electronics 10(22), 2823 (2021)",15,Uses or extends TQT,"[2, 11, 12, 13, 14, 17, 18, 19, 20]","PDF/printed pp. 2, 11–14, 17–20: Jain et al. [12] in the introduction, quantizer design, adopted training practices and TQT Table 2 results; bibliography p. 23, reference [12]",E-0081,E-0459,data.organic_results[0].inline_links.cited_by.total,E-1468,05-Integer-Only-CNNs-MARKED.pdf,Published journal PDF from KU Leuven repository,"KU Leuven researchers take TQT as the starting point of their work: crediting Jain et al. with having ""already proved"" that 8-bit models with power-of-two scales reach full-precision accuracy, they set out to extend this to 4-bit weights (pp. 2, 14). They adopt its method, optimizing power-of-two scales ""as proposed by Jain et al."" (p. 12) with its quantizer, hyperparameters and scale freezing (p. 17), and extend its freezing to per-channel scales, finding its ""per-layer results were consistent with ours"" (p. 19). Table 2 lists TQT as the only prior power-of-two-scale method, within 1.6 points of full precision at 4-bit weights (p. 20).",Direct methodological adoption and extension,"Jain, Gural, Wu and Dick (2020), Trained quantization thresholds for accurate and efficient fixed-point inference of deep neural networks.",23
6,7 μJ/inference end-to-end gesture recognition from dynamic vision sensor data using ternarized hybrid convolutional neural networks,"Future Generation Computer Systems 149 (2023), 717–731",12,Uses or extends TQT,"[5, 6, 9, 10]","Physical PDF pp. 5–6, 9–10: TQT as one of two quantization-aware training algorithms, TQT hyperparameters and Table 4 TQT versus INQ results; bibliography p. 14, reference [67]",E-1254,E-0382,data.organic_results[9].inline_links.cited_by.total,E-1469,06-DVS-Gesture-MARKED.pdf,Published open-access journal PDF (Elsevier),"ETH Zürich and University of Bologna researchers train their ternarized gesture-recognition networks with two quantization-aware training algorithms, INQ and TQT (p. 6). They use TQT to learn weight and activation clipping bounds (pp. 5–6), specify its hyperparameters (Table 3, p. 9) and train their Pareto-front networks with it (p. 9). They report that ""the combination of ReLU activations and TQT yields the highest classification accuracy"", ahead of INQ (Table 4, p. 10).",Direct methodological use and comparison,"Jain, Gural, Wu and Dick (2020), Trained quantization thresholds for accurate and efficient fixed-point inference of deep neural networks.",14
7,Understanding and Overcoming the Challenges of Efficient Transformer Quantization,EMNLP 2021,271,ICORE2026 A* venue; >100 Scholar citations; Uses or extends TQT,"[3, 7]","Physical PDF pp. 3, 7, learnable weight/activation ranges and their adaptation to transformers; bibliography p. 11 / printed p. 7957",E-0046,E-0430,data.organic_results[6].inline_links.cited_by.total,E-1485,07-Transformer-Quantization-MARKED.pdf,Published proceedings PDF,"Qualcomm researchers adapt the procedure of Jain et al. and Esser et al. to learn the ranges of both weights and activations in their quantization-aware training of BERT-like transformer models (p. 7), having noted that such ranges can be learned jointly with the weights during training ""as in Esser et al. (2019); Jain et al. (2019)"" (p. 3).",Methodological adaptation,"Jain, Gural, Wu and Dick (2019), Trained uniform quantization for accurate and efficient neural network inference on fixed-point hardware.",11
8,A Resource Efficient Integer-Arithmetic-Only FPGA-Based CNN Accelerator for Real-Time Facial Emotion Recognition,"IEEE Access 9 (2021), 104367–104381",54,Uses or extends TQT,"[3, 4, 6, 7, 10, 11, 12]","Physical PDF pp. 3–4, 6–7, 10–12: TQT in related work, LLTQ proposed to address the disadvantages of previous works including TQT and derived as an alternative to TQT's power-of-two scale mapping, Figure 3, the implemented TQT/LSQ/LLTQ comparison and its Table 1 TQT row; bibliography p. 15, reference [39]",E-1264,E-0393,data.organic_results[0].inline_links.cited_by.total,E-1486,08-LLTQ-MARKED.pdf,IEEE Access open-access publisher PDF,"Inha University and Sangmyung University researchers identify TQT and LSQ as ""the current state-of-the-art quantization methods"" (p. 6) and develop log level threshold quantization (LLTQ) from TQT's power-of-two scale mapping: LLTQ maps the trainable parameter directly to a power-of-two scale and replaces TQT's pre-calibration with first-batch statistics (pp. 3–4, 6). They illustrate and train TQT, LSQ and LLTQ (pp. 7, 10) and report TQT as hardware-friendly but about 0.45% below floating-point accuracy, a gap LLTQ closes (pp. 11–12).",Method extension and implemented comparison,"Jain, Gural, Wu and Dick (2020), Trained quantization thresholds for accurate and efficient fixed-point inference of deep neural networks.",15
9,A Low Memory Footprint Quantized Neural Network for Depth Completion of Very Sparse Time-of-Flight Depth Maps,"CVPR Workshops 2022 (CVPRW), 2686–2695",12,Uses or extends TQT,"[2, 5]","Physical PDF p. 2, Section 2.2 (printed p. 2687): QAT citation group including [23]; p. 5, Section 5.1 (printed p. 2690): uniform-precision QAT using learnable qmax as in TQT [23]; bibliography p. 9 (printed p. 2694), reference [23]",E-1435,E-0402,data.organic_results[14].inline_links.cited_by.total,E-1487,09-Depth-Completion-MARKED.pdf,"IEEE Xplore published print, CVPRW 2022 proceedings","EPFL, Sony and University of Padova researchers report that their most effective uniform-precision quantization-aware training procedure initializes from the pretrained float32 model and uses ""learnable qmax as in the Trained Quantization Threshold (TQT) approach [23]"", stabilized with cosine learning-rate decay and RMSprop followed by Adam (Section 5.1, p. 5). The related-work section cites TQT among recent quantization-aware training methods that ""proved effective on classification tasks"" (p. 2).",Direct methodological use,"Jain, Gural, Wu and Dick (2019), Trained quantization thresholds for accurate and efficient fixed-point inference of deep neural networks.",9
10,QKD: Quantization-aware Knowledge Distillation,"arXiv preprint, 2019",125,>100 Scholar citations; Uses or extends TQT,"[2, 3, 7]","Physical PDF pp. 2–3, 7, trainable intervals, dequantization and depthwise-layer sensitivity; bibliography p. 9, reference [17]",E-0056,E-0378,data.organic_results[0].inline_links.cited_by.total,E-1488,10-QKD-MARKED.pdf,Reviewed arXiv manuscript,"Seoul National University and Qualcomm researchers state that TQT [17] and LSQ [8] ""introduce uniform quantization using trainable interval values"" and that ""Our QKD leverages these trainable approaches in the baseline quantization implementation"" (p. 2), introducing trainable interval parameters for each layer's weights and input activations similar to [8, 17, 45] (p. 3). They also cite TQT on the quantization sensitivity of depthwise convolutions (p. 7). Knowledge distillation is applied on top of this baseline, so the reported results reflect the combined method.",Use in the baseline implementation,"Jain, Gural, Wu and Dick (2019), Trained quantization thresholds for accurate and efficient fixed-point inference of deep neural networks.",9
11,Improving Low-Precision Network Quantization via Bin Regularization,"ICCV 2021, 5241–5250",65,ICORE2026 A* venue; Uses or extends TQT,"[2, 8]","Physical PDF p. 2 (printed p. 5242): related-work QAT citation group including [19]; p. 8 (printed p. 5248): Section 4.8 hardware-friendly baseline following [19, 21], Table 9 TQT, TQT+L2 and TQT+BR rows and the reported +3.7% over TQT; bibliography p. 9 (printed p. 5249), reference [19]",E-1437,E-0391,data.organic_results[7].inline_links.cited_by.total,E-1489,11-Bin-Regularization-MARKED.pdf,"IEEE Xplore published print, ICCV 2021 proceedings","Xilinx researchers in Beijing build bin regularization on a hardware-friendly quantization baseline that they re-implement following references [19, 21], where [19] is TQT: power-of-two step sizes, low-bit first and last layers, quantized inputs and outputs of element-wise additions, 8-bit biases and batch normalization merged during training (p. 8). Table 9 reports 63.8% top-1 accuracy for TQT, 65.8% for TQT+L2 and 67.5% for TQT+BR on 4-bit MobileNetV2, which the text describes as ""+3.7% over TQT"" (p. 8). The authors are affiliated with Xilinx Inc.; the entry is employer-linked.",Extension of the TQT baseline,"Jain, Gural, Wu and Dick (2020), Trained quantization thresholds for accurate and efficient fixed-point inference of deep neural networks.",9
12,Bayesian Bits: Unifying Quantization and Pruning,NeurIPS 2020,207,ICORE2026 A* venue; >100 Scholar citations,"[6, 8]","PDF/printed pp. 6, 8, scale learning and TQT in Figure 2b and its caption; bibliography p. 10, reference [15]",E-0324,E-0430,data.organic_results[9].inline_links.cited_by.total,E-1490,12-Bayesian-Bits-MARKED.pdf,Published NeurIPS PDF,"Qualcomm AI Research authors credit reference [15], the TQT paper, together with LSQ [8], with having ""independently introduced"" the learning of the quantization scale along with the model parameters for a fixed-bitwidth network; both papers, they explain, expose the scale parameter to the learning process so that it is optimized jointly with the network's parameters (p. 6). Figure 2b compares Bayesian Bits on MobileNetV2 with TQT, AdaRound and LSQ (p. 8).",Credited independent introduction; experimental comparison,"Jain, Gural, Wu and Dick (2019), Trained uniform quantization for accurate and efficient neural network inference on fixed-point hardware.",10
13,F8Net: Fixed-Point 8-bit Only Multiplication for Network Quantization,ICLR 2022,72,ICORE2026 A* venue,"[2, 3, 7, 8]","Physical PDF pp. 2–3, 7–8: positioning against the power-of-two fixed-point scaling of Jain et al. (2019), contrast with directly trained fractional lengths and TQT rows in Table 1; bibliography p. 12",E-0725,E-0381,data.organic_results[1].inline_links.cited_by.total,E-1491,13-F8Net-MARKED.pdf,arXiv:2202.05239 PDF carrying the ICLR 2022 conference header,"Snap Inc., Northeastern University and Rice University researchers define F8Net against the fixed-point quantization of Jain et al. (2019), which uses trainable power-of-two scale factors to replace multiplication with bit shifting, stating that their work ""differs from previous efforts (Jain et al., 2019) in three major aspects"" (p. 2). They contrast F8Net's on-the-fly fractional length with TQT's directly trained fractional length (p. 7) and compare with TQT in Table 1 for MobileNet V1 and V2b, reporting that their approach gives better results (p. 8).",Design positioning and benchmark comparison,"Jain, Gural, Wu and Dick (2019), Trained quantization thresholds for accurate and efficient fixed-point inference of deep neural networks.",12
14,Accelerating configuration of Reconfigurable Intelligent Surfaces through a hardware-enhanced deep learning approach,"Computers and Electrical Engineering 134 (2026), 111101",0,Uses or extends TQT,[9],"Physical PDF p. 9, Section 3.2: power-of-two scale quantizer with TQT for the AMD DPU implementation; bibliography p. 17, reference [50]",E-1185,E-0385,data.organic_results[1].inline_links.cited_by.total,E-1477,14-RIS-MARKED.pdf,"Open-access Elsevier PDF (CC BY), University of Granada repository copy","University of Granada-led researchers use TQT in the quantization-aware training of their AMD DPU implementation for configuring reconfigurable intelligent surfaces, stating ""For the quantization strategy, a power-of-two scale quantizer with training quantization threshold (TQT) was used [50]"" (Section 3.2, p. 9). TQT is applied together with activation and training refinements, so the reported results reflect the combined pipeline.",Direct methodological use,"Jain, Gural, Wu and Dick (2020), Trained quantization thresholds for accurate and efficient fixed-point inference of deep neural networks.",17
15,FELIX: A Ferroelectric FET Based Low Power Mixed-Signal In-Memory Architecture for DNN Acceleration,"ACM Transactions on Embedded Computing Systems 21(6), Article 84 (2022)",50,Uses or extends TQT,[17],"Physical PDF p. 17, Section 6.2: 8-bit/4-bit quantization based on the optimizations in [17]; bibliography p. 23, reference [17]",E-1279,E-0381,data.organic_results[4].inline_links.cited_by.total,E-1478,15-FELIX-MARKED.pdf,ACM Transactions on Embedded Computing Systems publisher PDF,"Robert Bosch GmbH, Fraunhofer IPMS and University of Kaiserslautern researchers evaluate the classification accuracy of their ferroelectric-FET in-memory accelerator with 8-bit/4-bit (input/weight) quantization ""based on the optimizations presented in [17]"", the TQT paper (Section 6.2, p. 17).",Direct methodological use,"Jain, Gural, Wu and Dick (2019), Trained quantization thresholds for accurate and efficient fixed-point inference of deep neural networks.",23
16,HMQ: Hardware Friendly Mixed Precision Quantization Block for CNNs,ECCV 2020,95,ICORE2026 A* venue,"[1, 2, 3, 4]","Physical PDF pp. 1–4, hardware-friendly quantization citations and quantizer definition; bibliography p. 17",E-0043,E-0368,data.organic_results[0].inline_links.cited_by.total,E-1479,16-HMQ-MARKED.pdf,Author arXiv manuscript; ECCV publication verified separately,"Sony Semiconductor Israel researchers cite references [24, 41] for hardware-friendly quantizers that are per-tensor, uniform, symmetric and use power-of-two thresholds, and describe these properties as ""an imperative requirement for many efficient edge device hardware implementations"" with reference to [24], the TQT paper (p. 2). They state that the quantizer used in HMQ ""is similar to the one in [24]"" before defining its signed and unsigned forms (p. 4).",Quantizer-design connection,"Jain, Gural, Wu and Dick (2019), Trained quantization thresholds for accurate and efficient fixed-point inference of deep neural networks.",17
17,Up or Down? Adaptive Rounding for Post-Training Quantization,ICML 2020,1224,ICORE2026 A* venue; >100 Scholar citations,[5],"Physical PDF p. 5, section 4 Background and related work; bibliography physical p. 10",E-0321,E-0430,data.organic_results[2].inline_links.cited_by.total,E-1480,17-AdaRound-MARKED.pdf,Published PMLR PDF; physical pages retained,"In the related-work discussion of AdaRound, Qualcomm researchers credit Jain et al. and Esser et al. with learning the quantization minimum and maximum ranges during training ""so that they do not have to be set manually"" (p. 5). AdaRound is a post-training rounding method and does not itself apply TQT; the entry rests on the article's venue and citation count.",Related-work attribution,"Jain, Gural, Wu and Dick (2019), Trained uniform quantization for accurate and efficient neural network inference on fixed-point hardware.",10
18,A White Paper on Neural Network Quantization,"arXiv / Qualcomm white paper, 2021",1362,>100 Scholar citations,"[20, 22]","Physical PDF pp. 20, 22, gradient derivation and QAT initialization; bibliography p. 26",E-0090,E-0430,data.organic_results[1].inline_links.cited_by.total,E-1481,18-White-Paper-MARKED.pdf,Reviewed arXiv white paper,"Qualcomm's white paper on neural network quantization credits Jain et al., Esser et al. and Bhalgat et al. with using the straight-through estimator to calculate the gradient with respect to the quantization parameters, and then develops the gradient derivation for the scale factor (p. 20). It also cites Jain et al. among works that start quantization-aware training from a pretrained FP32 model, which it calls ""common practice in literature"" (p. 22).",Technical exposition,"Jain, Gural, Wu and Dick (2019), Trained uniform quantization for accurate and efficient neural network inference on fixed-point hardware.",26
19,Bringing AI to edge: From deep learning’s perspective,Neurocomputing 485 (2022),247,>100 Scholar citations,"[8, 9]","PDF/printed pp. 8–9, TQT comparison-table row and named quantization discussion; bibliography p. 20, reference [121]; affiliations p. 1",E-0044,E-0366,data.organic_results[0].inline_links.cited_by.total,E-1482,19-Bringing-AI-to-Edge-MARKED.pdf,arXiv author manuscript; journal publication verified separately,"This Neurocomputing survey by Nanyang Technological University researchers, conducted in collaboration with HP Inc. (p. 1), lists TQT among 8-bit quantization techniques for weights and activations in its comparison table (p. 8) and summarizes Jain et al.'s trained uniform quantization method for accurate and efficient inference on fixed-point hardware (p. 9). The survey describes the method without reporting use of it; the entry rests on the survey's citation count.",Survey citation,"Jain, Gural, Wu and Dick (2019), Trained uniform quantization for accurate and efficient neural network inference on fixed-point hardware.",20
20,INT8 Activation Ternary or Binary Weights Networks: Unifying Between INT8 and Lower-bit Width Quantization,"Journal of Robotics, Networking and Artificial Life 9(2) (2022), 171–176",0,Uses or extends TQT,"[2, 3, 4, 5]","Physical PDF pp. 2–5: TQT as the INT8 method, activations quantized with TQT via Xilinx Brevitas, TQT-based settings and conclusion; bibliography p. 5, reference 11",E-0595,E-0422,data.organic_results[9].inline_links.cited_by.total,E-1457,20-ITBWN-MARKED.pdf,Published journal PDF (J-STAGE),"Kyushu Institute of Technology researchers quantize the activations of their ITBWN networks to INT8 with TQT while using binary or ternary weights (pp. 3–4). They describe TQT's removal of the zero point, its power-of-two scale and its threshold training with the straight-through estimator (p. 2), and report that INT8 activations from TQT or BinaryConnect allow the weight-quantized models to deploy without the cost of floating-point accumulation (p. 5). They use the default TQT implementation in Xilinx Brevitas, which they describe as having ""minor differences with the TQT settings"": no power-of-two scale and a different scale initialization (p. 3).",Use of a TQT implementation (Brevitas),"Jain, Gural, Wu and Dick (2020), Trained quantization thresholds for accurate and efficient fixed-point inference of deep neural networks.",5
21,Efficient SAR Vessel Detection for FPGA-Based On-Satellite Sensing,"SEC ’25, Tenth ACM/IEEE Symposium on Edge Computing (2025)",6,Uses or extends TQT,"[5, 11]","Physical PDF p. 5, Section 3.2: INT8 Vitis AI quantization with power-of-two scaling and QAT using a straight-through estimator [35]; p. 11, Section 4.2.2, Table 4 and Section 4.3: QAT with a quantizer parameter learning rate and the deployed FPGA QAT models; bibliography p. 16, reference [35]",E-1277,E-0386,data.organic_results[11].inline_links.cited_by.total,E-1458,21-SAR-Vessel-MARKED.pdf,"Published ACM version (open access, CC BY-NC 4.0)","The Alan Turing Institute researchers deploy a YOLOv8-based SAR vessel detector on an AMD/Xilinx Kria KV260 FPGA, quantizing it to INT8 with the Vitis AI Quantizer using symmetric power-of-two scaling; the sentence describing post-training quantization and quantization-aware training (QAT) ""using a straight-through estimator"" cites reference [35], the TQT paper (p. 5). They retrain with a tuned quantizer-parameter learning rate (Section 4.2.2) and report that the deployed QAT models match the expected GPU performance with little to no degradation (Table 4, Section 4.3, p. 11). The article does not state which Vitis AI QAT mode was used, and the use came through the AMD/Xilinx Vitis AI toolchain.",Methodological use via Vitis AI,"Jain, Gural, Wu and Dick (2020), Trained quantization thresholds for accurate and efficient fixed-point inference of deep neural networks.",16
