evidence_id,type,file,source,sha256
E-0364,Google Scholar response,Sources/Scholar/candidate-analog.json,https://scholar.google.com/scholar?q=intitle%3AAnalogNets&hl=en&num=10,4a72ba3c52a0203e275599faa3df52a138f8429598ca6b0d6e4af8a3a1776439
E-0365,Google Scholar response,Sources/Scholar/candidate-depth.json,https://scholar.google.com/scholar?q=intitle%3A%22A+Low+Memory+Footprint+Quantized+Neural+Network%22&hl=en&num=10,877e97f49b80b0e2e2ef96cbcb0d995eb44636e63cbe114d7327c4b5631fde5b
E-0366,Google Scholar response,Sources/Scholar/candidate-edge-alternate.json,https://scholar.google.com/scholar?q=Bringing+AI+to+edge+From+deep+learning+perspective+Liu&hl=en&num=10,15db49372a4b821b94b832912ca0c96893d0c5b3d4b77d221e661585ef3dd4a1
E-0367,Google Scholar response,Sources/Scholar/candidate-edge.json,https://scholar.google.com/scholar?q=intitle%3A%22Bringing+AI+to+edge%22+Liu&hl=en&num=10,48b9fbc2d5e69b359b1ccd2f426a4901d3c3fd79a2b02c89cf32a51318d00608
E-0368,Google Scholar response,Sources/Scholar/candidate-hmq.json,https://scholar.google.com/scholar?q=intitle%3A%22Hardware+Friendly+Mixed+Precision%22&hl=en&num=10,ad8251eaca9979a18f3a6ac72b1de6ce0202e250854d6d75bdd1c30cb660f39d
E-0369,Google Scholar response,Sources/Scholar/candidate-lsq.json,https://scholar.google.com/scholar?q=intitle%3A%22Learned+Step+Size+Quantization%22&hl=en&num=10,b005f6b10a94b20d1e1fcebe0b51f1bb92136ca7de130347f9815fba17cd331a
E-0370,Google Scholar response,Sources/Scholar/candidate-mixed.json,https://scholar.google.com/scholar?q=intitle%3A%22Mixed+precision+DNNs%22+Uhlich&hl=en&num=10,8c31a69b4386c733f30b39843bf86fea683e9480c52c3f9f8a1ef1ddddcf6b6d
E-0371,Google Scholar response,Sources/Scholar/candidate-orthogonality.json,https://scholar.google.com/scholar?q=intitle%3A%22Understanding+How+Orthogonality+of+Parameters%22&hl=en&num=10,d667e92b523199d0d1e644665460ae8049e49ecfc12d91b7e0a146b46de62336
E-0372,Google Scholar response,Sources/Scholar/candidate-qkd.json,https://scholar.google.com/scholar?q=intitle%3A%22Quantization-aware+Knowledge+Distillation%22&hl=en&num=10,80c65ef88a4c66acfe799a0ee18c41bed7c1d01dc0024d61f2e4edd307c6993f
E-0373,Google Scholar response,Sources/Scholar/candidate-whitepaper.json,https://scholar.google.com/scholar?q=intitle%3A%22A+White+Paper+on+Neural+Network+Quantization%22&hl=en&num=10,b33720b1abfdc149ba0c69929996673163a5b437f64942da7c48ced5640b01f8
E-0374,Google Scholar response,Sources/Scholar/profile.json,https://scholar.google.com/citations?user=1mvzap4AAAAJ,ae396cc7285ec0b5ff4fdf006273391c0c334cfa96fa7dadd664da0b917fe337
E-0375,Google Scholar response,Sources/Scholar/pub01-start000-alternate.json,https://scholar.google.com/scholar?cites=1211587708316162333&hl=en&start=0&num=21&as_sdt=0&scipsc=1,21200dd571a96565bf6d85ce6445bbda3a08485f37e23b4f142a03feec407b4a
E-0376,Google Scholar response,Sources/Scholar/pub01-start000-bydate.json,https://scholar.google.com/scholar?cites=1211587708316162333&hl=en&start=0&num=21&filter=0&scisbd=2&scipsc=1,00a519503f07294d1267d52d701658a203c40fc19d61bce7b346dcedb7f87bea
E-0377,Google Scholar response,Sources/Scholar/pub01-start000-retry1.json,https://scholar.google.com/scholar?cites=1211587708316162333&hl=en&start=0&num=21&filter=0&as_sdt=7&as_vis=0&scipsc=1,2179fb0743af46f06f9281487a9c245291068b8917465fc3abc3c0e32af0e18c
E-0378,Google Scholar response,Sources/Scholar/pub01-start000-year2019.json,https://scholar.google.com/scholar?cites=1211587708316162333&hl=en&start=0&num=21&as_ylo=2019&as_yhi=2019&scipsc=1,19eb0a2581d888409904f42462b90bcf7b587945a95f86118bc624707f37ee56
E-0379,Google Scholar response,Sources/Scholar/pub01-start000-year2020.json,https://scholar.google.com/scholar?cites=1211587708316162333&hl=en&start=0&num=21&as_ylo=2020&as_yhi=2020&scipsc=1,74d66454fd9737d2f091f0113284efa5bb73b7e1f63dec9a45a6ab195c4ed5a3
E-0380,Google Scholar response,Sources/Scholar/pub01-start000-year2021.json,https://scholar.google.com/scholar?cites=1211587708316162333&hl=en&start=0&num=21&as_ylo=2021&as_yhi=2021&scipsc=1,04c808695c6b7e8985330addfe117ad29d271c2fd97b4e5f1472b12f2aa210a5
E-0381,Google Scholar response,Sources/Scholar/pub01-start000-year2022.json,https://scholar.google.com/scholar?cites=1211587708316162333&hl=en&start=0&num=21&as_ylo=2022&as_yhi=2022&scipsc=1,75f2ea01e78712c3866cf3750be8fe5a3e223505dca68b51b3e8ff4527fc2db1
E-0382,Google Scholar response,Sources/Scholar/pub01-start000-year2023.json,https://scholar.google.com/scholar?cites=1211587708316162333&hl=en&start=0&num=21&as_ylo=2023&as_yhi=2023&scipsc=1,96801edc566abcd6442b5a977eb7fa8eb1eb891f2c1c49d56da1d5f794961e04
E-0383,Google Scholar response,Sources/Scholar/pub01-start000-year2024.json,https://scholar.google.com/scholar?cites=1211587708316162333&hl=en&start=0&num=21&as_ylo=2024&as_yhi=2024&scipsc=1,ac01662a99ea4628e33a01ab43580351897813e3f4d28246d51bf3672a1c1e81
E-0384,Google Scholar response,Sources/Scholar/pub01-start000-year2025.json,https://scholar.google.com/scholar?cites=1211587708316162333&hl=en&start=0&num=21&as_ylo=2025&as_yhi=2025&scipsc=1,a3b3e7501db648b6ba9feff4c4d248ae5b3bf03f240cd22b1ce107344b50ff91
E-0385,Google Scholar response,Sources/Scholar/pub01-start000-year2026.json,https://scholar.google.com/scholar?cites=1211587708316162333&hl=en&start=0&num=21&as_ylo=2026&as_yhi=2026&scipsc=1,db7c01609d2b8834df658ae3d82a114242c02b6955c99cd1cc933478d5b79a8a
E-0386,Google Scholar response,Sources/Scholar/pub01-start000.json,https://scholar.google.com/scholar?cites=1211587708316162333&hl=en&start=0&num=21&filter=0&as_sdt=7&as_vis=0&scipsc=1,06476b49779cd55bdff4155cdc433fd731715e6dfafe67774d36a80e25b0fdf8
E-0387,Google Scholar response,Sources/Scholar/pub01-start020-bydate.json,https://scholar.google.com/scholar?cites=1211587708316162333&hl=en&start=20&num=21&filter=0&scisbd=2&scipsc=1,f4cc05969b04d10597577bc6bb95e42ed962eccf8bd1e8ef032887496b3d1315
E-0388,Google Scholar response,Sources/Scholar/pub01-start020-year2022.json,https://scholar.google.com/scholar?cites=1211587708316162333&hl=en&start=20&num=21&as_ylo=2022&as_yhi=2022&scipsc=1,1a5554d1cb8b8c1feb45280ecdbcf31c83b3913a8e260b0c0e451e037129bdb1
E-0389,Google Scholar response,Sources/Scholar/pub01-start020-year2023.json,https://scholar.google.com/scholar?cites=1211587708316162333&hl=en&start=20&num=21&as_ylo=2023&as_yhi=2023&scipsc=1,162965b0a7810a9817064b88200b8e46e2e3787afc897b3c28478706e5dddfa8
E-0390,Google Scholar response,Sources/Scholar/pub01-start020-year2024.json,https://scholar.google.com/scholar?cites=1211587708316162333&hl=en&start=20&num=21&as_ylo=2024&as_yhi=2024&scipsc=1,672cde94b395bb2d67b7a944157b7bce60360de88f851b2f7f95957c11d7f8b3
E-0391,Google Scholar response,Sources/Scholar/pub01-start020.json,https://scholar.google.com/scholar?cites=1211587708316162333&hl=en&start=20&num=21&filter=0&as_sdt=7&as_vis=0&scipsc=1,d6cb847a17d760ed4e7df8ce11e19e57cb6cef39b1ee024e663dc6d4a6124d23
E-0392,Google Scholar response,Sources/Scholar/pub01-start040-bydate.json,https://scholar.google.com/scholar?cites=1211587708316162333&hl=en&start=40&num=21&filter=0&scisbd=2&scipsc=1,fcaf1ab7447014d551701304a38e98e26def2d9a530b570fb0e6a87d7c9b76db
E-0393,Google Scholar response,Sources/Scholar/pub01-start040.json,https://scholar.google.com/scholar?cites=1211587708316162333&hl=en&start=40&num=21&filter=0&as_sdt=7&as_vis=0&scipsc=1,defa6db8625db3b52df11a62f511dd49e109a39e49a001ccfb21007ff9b16d77
E-0394,Google Scholar response,Sources/Scholar/pub01-start059-gapfill.json,https://scholar.google.com/scholar?cites=1211587708316162333&hl=en&start=59&num=21&scipsc=1,5142561dd327eba4c78ea073118b4289d748aef1916e9c65f7c81d8e1f9171e5
E-0395,Google Scholar response,Sources/Scholar/pub01-start060-alternate.json,https://scholar.google.com/scholar?cites=1211587708316162333&hl=en&start=60&num=21&as_sdt=0&scipsc=1,ec485a3b4c11e12df0ea2a31c55afd355988965b4df7373f52e12c2ce8983643
E-0396,Google Scholar response,Sources/Scholar/pub01-start060-bydate.json,https://scholar.google.com/scholar?cites=1211587708316162333&hl=en&start=60&num=21&filter=0&scisbd=2&scipsc=1,791f78b585c1ae9a3607dec6fc4dc7911cb9b3cd37d640169d2ddb7f303a16af
E-0397,Google Scholar response,Sources/Scholar/pub01-start060-retry1.json,https://scholar.google.com/scholar?cites=1211587708316162333&hl=en&start=60&num=21&filter=0&as_sdt=7&as_vis=0&scipsc=1,584c17ee8b76f65a021164df4e7a34b361f165c2c8d4a10bf285ea38d1d1383d
E-0398,Google Scholar response,Sources/Scholar/pub01-start060.json,https://scholar.google.com/scholar?cites=1211587708316162333&hl=en&start=60&num=21&filter=0&as_sdt=7&as_vis=0&scipsc=1,8657e59d5948b8fe10ceded03fb52230aebee969825181c77a8032fdcb97a85a
E-0399,Google Scholar response,Sources/Scholar/pub01-start080-bydate.json,https://scholar.google.com/scholar?cites=1211587708316162333&hl=en&start=80&num=21&filter=0&scisbd=2&scipsc=1,bdf0afc8d00f24f7f55b7da894fab66a21f99dde88a6c582c8ca48fd48b4fe1f
E-0400,Google Scholar response,Sources/Scholar/pub01-start080.json,https://scholar.google.com/scholar?cites=1211587708316162333&hl=en&start=80&num=21&filter=0&as_sdt=7&as_vis=0&scipsc=1,6281f119bb73c8f6d18f9f2fb634dacf4a93b556f4047f8687a568e6e32e54c3
E-0401,Google Scholar response,Sources/Scholar/pub01-start100-bydate.json,https://scholar.google.com/scholar?cites=1211587708316162333&hl=en&start=100&num=21&filter=0&scisbd=2&scipsc=1,825d384ef8dccc51a816f25885bdffe0f90af4726dc5fad44e31a361e08e7d1d
E-0402,Google Scholar response,Sources/Scholar/pub01-start100.json,https://scholar.google.com/scholar?cites=1211587708316162333&hl=en&start=100&num=21&filter=0&as_sdt=7&as_vis=0&scipsc=1,5ec947533b2fccb7880209551a85d370d5a3771aeadcdbbfa313905f850856c8
E-0403,Google Scholar response,Sources/Scholar/pub01-start119-gapfill.json,https://scholar.google.com/scholar?cites=1211587708316162333&hl=en&start=119&num=21&scipsc=1,7e36df1f88baddac1784964eaa27b7ca7a5b21abebf6b747566239d77b8a6cba
E-0404,Google Scholar response,Sources/Scholar/pub01-start120-alternate.json,https://scholar.google.com/scholar?cites=1211587708316162333&hl=en&start=120&num=21&as_sdt=0&scipsc=1,a5fc1891923d7c37233811e5356133c4e83e94883bb4ec7ea4e99125162fda86
E-0405,Google Scholar response,Sources/Scholar/pub01-start120-bydate.json,https://scholar.google.com/scholar?cites=1211587708316162333&hl=en&start=120&num=21&filter=0&scisbd=2&scipsc=1,179b417f6868521ebc802d0f6636b2793bb863059d5173151d5a7a4dcf7c31a0
E-0406,Google Scholar response,Sources/Scholar/pub01-start120-retry1.json,https://scholar.google.com/scholar?cites=1211587708316162333&hl=en&start=120&num=21&filter=0&as_sdt=7&as_vis=0&scipsc=1,01dcddd8158ef065fffcb00f727e0bdef092adac0c3c060383bc66b7ec0bafb7
E-0407,Google Scholar response,Sources/Scholar/pub01-start120.json,https://scholar.google.com/scholar?cites=1211587708316162333&hl=en&start=120&num=21&filter=0&as_sdt=7&as_vis=0&scipsc=1,c920a4412ba4e7918f057c00e2a61a912621666963bfc402d7a3fb21a1001777
E-0408,Google Scholar response,Sources/Scholar/pub01-start140-bydate.json,https://scholar.google.com/scholar?cites=1211587708316162333&hl=en&start=140&num=21&filter=0&scisbd=2&scipsc=1,d34eca9f00584d33936e855994fecc24eebc48fa561e857d1368bc2e00c3ff81
E-0409,Google Scholar response,Sources/Scholar/pub01-start140.json,https://scholar.google.com/scholar?cites=1211587708316162333&hl=en&start=140&num=21&filter=0&as_sdt=7&as_vis=0&scipsc=1,fd8d11af3182eb00ab9379b35a05a2fe4dd9b92a3c8f57f19e269db3f079a3a9
E-0410,Google Scholar response,Sources/Scholar/pub01-start158-gapfill2.json,https://scholar.google.com/scholar?cites=1211587708316162333&hl=en&start=158&num=21&scipsc=1,babf68e0bf58d71d37d1d161e7f1c3785d24b00f95d9bef64e7e608d0461727f
E-0411,Google Scholar response,Sources/Scholar/pub01-start159-gapfill.json,https://scholar.google.com/scholar?cites=1211587708316162333&hl=en&start=159&num=21&scipsc=1,a7477212381084419f8c05640d9eebdb72a8530b348720d2695e25de7e882579
E-0412,Google Scholar response,Sources/Scholar/pub01-start160-alternate.json,https://scholar.google.com/scholar?cites=1211587708316162333&hl=en&start=160&num=21&as_sdt=0&scipsc=1,cc76302659ea3066541596e3e2d26ddffe3dbc29d7ffefc3ee5de73d84d18154
E-0413,Google Scholar response,Sources/Scholar/pub01-start160-bydate.json,https://scholar.google.com/scholar?cites=1211587708316162333&hl=en&start=160&num=21&filter=0&scisbd=2&scipsc=1,186ea9582cef8c905b7afa134ba21c34b88221b9c0ecb99f58184e6d8e327115
E-0414,Google Scholar response,Sources/Scholar/pub01-start160-num10.json,https://scholar.google.com/scholar?cites=1211587708316162333&hl=en&start=160&num=10&scipsc=1,8e0dcc817f01ba33370f27994fad56bf173b0c67dc63b0087338a4bf7392df25
E-0415,Google Scholar response,Sources/Scholar/pub01-start160-retry1.json,https://scholar.google.com/scholar?cites=1211587708316162333&hl=en&start=160&num=21&filter=0&as_sdt=7&as_vis=0&scipsc=1,dafa429f4064ae6105b90e7a4620d637ddd18040825ff3501d185a9eb164f672
E-0416,Google Scholar response,Sources/Scholar/pub01-start160.json,https://scholar.google.com/scholar?cites=1211587708316162333&hl=en&start=160&num=21&filter=0&as_sdt=7&as_vis=0&scipsc=1,02dcdfd69cbd857f5f08d4c95d6d9efec6e2c9e6eb48a3b378b84574899706ad
E-0417,Google Scholar response,Sources/Scholar/pub01-start170-num10.json,https://scholar.google.com/scholar?cites=1211587708316162333&hl=en&start=170&num=10&scipsc=1,b396f2b7f2b0ac99254445bd5889b7d1f4a66e3ca58f51d22a3c6427bab965d8
E-0418,Google Scholar response,Sources/Scholar/pub01-start178-gapfill2.json,https://scholar.google.com/scholar?cites=1211587708316162333&hl=en&start=178&num=21&scipsc=1,84c2dbd2fa11a9b13cff1e4ec68a81b633e3b04e50ff7eefa00cee63791af37b
E-0419,Google Scholar response,Sources/Scholar/pub01-start180-bydate.json,https://scholar.google.com/scholar?cites=1211587708316162333&hl=en&start=180&num=21&filter=0&scisbd=2&scipsc=1,8902d536f3c53f5d824c115bcc5de4d32e0ccba872492beea33bb930d4d12245
E-0420,Google Scholar response,Sources/Scholar/pub01-start180.json,https://scholar.google.com/scholar?cites=1211587708316162333&hl=en&start=180&num=21&filter=0&as_sdt=7&as_vis=0&scipsc=1,3f15febdb9b4546e0056fb83e6bd58faad6246954469d654918e69518be4888c
E-0421,Google Scholar response,Sources/Scholar/pub01-start200-bydate.json,https://scholar.google.com/scholar?cites=1211587708316162333&hl=en&start=200&num=21&filter=0&scisbd=2&scipsc=1,509ae8a71ee78aca1f1b7e26ba635973741d76095291fc057fbcc8690ff1fc24
E-0422,Google Scholar response,Sources/Scholar/pub01-start200.json,https://scholar.google.com/scholar?cites=1211587708316162333&hl=en&start=200&num=21&filter=0&as_sdt=7&as_vis=0&scipsc=1,b0f1340318be40a645537bedc103234bbcb608aa862a1017f7a729ac8568e8ef
E-0423,Google Scholar response,Sources/Scholar/pub01-start220-bydate.json,https://scholar.google.com/scholar?cites=1211587708316162333&hl=en&start=220&num=21&filter=0&scisbd=2&scipsc=1,9cd248a75d893e3e57ebcc3a85e9a3ea6926a4dde0f7a1900cc6bee8ee092bff
E-0424,Google Scholar response,Sources/Scholar/pub01-start220.json,https://scholar.google.com/scholar?cites=1211587708316162333&hl=en&start=220&num=21&filter=0&as_sdt=7&as_vis=0&scipsc=1,544c0a1d4978b187ccda9de6344e2da31216bb973aab8bf9ff711b895cdd95e1
E-0425,Google Scholar response,Sources/Scholar/pub01-start240.json,https://scholar.google.com/scholar?cites=1211587708316162333&hl=en&start=240&num=21&filter=0&as_sdt=7&as_vis=0&scipsc=1,91f50a21729b380b3a6e0376243debd54b611f591a06896c33d4c09830a4d327
E-0426,Google Scholar response,Sources/Scholar/pub02-start000-alternate.json,"https://scholar.google.com/scholar?cites=4771408704216507266,20156749286290710&hl=en&start=0&num=21&as_sdt=0&scipsc=1",2d017be342581362b22e703f00711e0346d8db2eaa31ec6aaa56266ddcd98868
E-0427,Google Scholar response,Sources/Scholar/pub02-start000-bydate.json,"https://scholar.google.com/scholar?cites=4771408704216507266,20156749286290710&hl=en&start=0&num=21&filter=0&scisbd=2&scipsc=1",7a1a4b69ac50b2c2cdf300cbd0ea07f63870c44a9c07caaa9cba060932c0364f
E-0428,Google Scholar response,Sources/Scholar/pub02-start000-retry1.json,"https://scholar.google.com/scholar?cites=4771408704216507266,20156749286290710&hl=en&start=0&num=21&filter=0&as_sdt=7&as_vis=0&scipsc=1",50c9d9ccbf47abf7c6470b9822d4fdf17317ac0dd34da872febed8e4700c2915
E-0429,Google Scholar response,Sources/Scholar/pub02-start000.json,"https://scholar.google.com/scholar?cites=4771408704216507266,20156749286290710&hl=en&start=0&num=21&filter=0&as_sdt=7&as_vis=0&scipsc=1",f5fcba4fd69d048c0a74935bff6eca19b473e38857747f4e00548fabf9bf7bb5
E-0430,Google Scholar response,Sources/Scholar/pub02-start001-gapfill.json,"https://scholar.google.com/scholar?cites=4771408704216507266,20156749286290710&hl=en&start=1&num=21&scipsc=1",fb7c79cc19ddfdd9b2435ecc152ac2a4c75e8e0c7761589e8c9cecbcfa0f9276
E-0431,Google Scholar response,Sources/Scholar/pub02-start020-bydate.json,"https://scholar.google.com/scholar?cites=4771408704216507266,20156749286290710&hl=en&start=20&num=21&filter=0&scisbd=2&scipsc=1",d8e2108d07e092e3bf3e4e2eb6cf25cd6524d784ebda0937bdc0b18e8245e80c
E-0432,Google Scholar response,Sources/Scholar/pub02-start020.json,"https://scholar.google.com/scholar?cites=4771408704216507266,20156749286290710&hl=en&start=20&num=21&filter=0&as_sdt=7&as_vis=0&scipsc=1",fb07cea6dc189c2a1027913e7db31c13615c00a3b3040ada62347cc0b0370e24
E-0433,Google Scholar response,Sources/Scholar/pub02-start040-bydate.json,"https://scholar.google.com/scholar?cites=4771408704216507266,20156749286290710&hl=en&start=40&num=21&filter=0&scisbd=2&scipsc=1",a1bdfffbc2061c1276dc565b3dc37e63cbc9d8d3538f255b6a4d7ea22d71ff61
E-0434,Google Scholar response,Sources/Scholar/pub02-start040-retry1.json,"https://scholar.google.com/scholar?cites=4771408704216507266,20156749286290710&hl=en&start=40&num=21&filter=0&as_sdt=7&as_vis=0&scipsc=1",9f88c63825ee71c674625630bf6ee54a8b0f0aee5f71457629d8476476c45f34
E-0435,Google Scholar response,Sources/Scholar/pub02-start040.json,"https://scholar.google.com/scholar?cites=4771408704216507266,20156749286290710&hl=en&start=40&num=21&filter=0&as_sdt=7&as_vis=0&scipsc=1",777092bf8c43ef14dad0d25c6b8ac89dacb646b92078786f2e7895bde5f1a75c
E-0436,Google Scholar response,Sources/Scholar/pub02-start060-bydate.json,"https://scholar.google.com/scholar?cites=4771408704216507266,20156749286290710&hl=en&start=60&num=21&filter=0&scisbd=2&scipsc=1",47f55c07a6f801d287e68e73a03118d93c1b1b16d2f55d1d88867f3aa26dd237
E-0437,Google Scholar response,Sources/Scholar/pub02-start060.json,"https://scholar.google.com/scholar?cites=4771408704216507266,20156749286290710&hl=en&start=60&num=21&filter=0&as_sdt=7&as_vis=0&scipsc=1",22c7b4da31fa758f04b9379b901464b811d36ca65eb6c7aa9feb80c87074b096
E-0438,Google Scholar response,Sources/Scholar/pub02-start080.json,"https://scholar.google.com/scholar?cites=4771408704216507266,20156749286290710&hl=en&start=80&num=21&filter=0&as_sdt=7&as_vis=0&scipsc=1",8c7f3d013935d84d08e2135c3ed300026632350572ee20fb46c246f259ec731c
E-0439,Google Scholar response,Sources/Scholar/pub03-start000.json,https://scholar.google.com/scholar?cites=4870271334637308438&hl=en&start=0&num=21&filter=0&as_sdt=7&as_vis=0&scipsc=1,f7cbcb9dd427725149cca25493195360b4a0ec1ee165eb0e8288fdef610093f8
E-0440,Google Scholar response,Sources/Scholar/pub03-start020.json,https://scholar.google.com/scholar?cites=4870271334637308438&hl=en&start=20&num=21&filter=0&as_sdt=7&as_vis=0&scipsc=1,dadd30f5473b01c1e8b330092d67673e5edf7e5e37783b139e9d3185c11dc734
E-0441,Google Scholar response,Sources/Scholar/pub03-start040.json,https://scholar.google.com/scholar?cites=4870271334637308438&hl=en&start=40&num=21&filter=0&as_sdt=7&as_vis=0&scipsc=1,ad55f6cde2137942ee40a5d91882c0ff38a562501adeb9d7231d3c168060fbb7
E-0442,Google Scholar response,Sources/Scholar/pub04-start000.json,https://scholar.google.com/scholar?cites=1310050738644832908&hl=en&start=0&num=21&filter=0&as_sdt=7&as_vis=0&scipsc=1,8f408b4cfe7d94ba2dac9de0e8bae66d06e0b20a3a3956230880aa46b6db1734
E-0443,Google Scholar response,Sources/Scholar/pub04-start020.json,https://scholar.google.com/scholar?cites=1310050738644832908&hl=en&start=20&num=21&filter=0&as_sdt=7&as_vis=0&scipsc=1,6126480b528ccf19609cc045623c816eec96c14bf0998d8c2e519742e507b71d
E-0444,Google Scholar response,Sources/Scholar/pub05-start000.json,https://scholar.google.com/scholar?cites=11063097314330123367&hl=en&start=0&num=21&filter=0&as_sdt=7&as_vis=0&scipsc=1,321ee17d5e786b53c7b39d2e60ec039091131c564433f38304fa0b1dd8e7f9ab
E-0445,Google Scholar response,Sources/Scholar/pub05-start020.json,https://scholar.google.com/scholar?cites=11063097314330123367&hl=en&start=20&num=21&filter=0&as_sdt=7&as_vis=0&scipsc=1,d0801ca0aa4e3d78812c1bbc4ec13416417422fc435fb815bf692cbc82f958fd
E-0446,Google Scholar response,Sources/Scholar/pub06-start000.json,https://scholar.google.com/scholar?cites=13401979949234564250&hl=en&start=0&num=21&filter=0&as_sdt=7&as_vis=0&scipsc=1,b20666ae544adf53944abdbb58a8c1b53a2a13f0e46353b8a2e0cb5f5f13482f
E-0447,Google Scholar response,Sources/Scholar/pub06-start020.json,https://scholar.google.com/scholar?cites=13401979949234564250&hl=en&start=20&num=21&filter=0&as_sdt=7&as_vis=0&scipsc=1,5f112c5cabc48e9267da25b8e2b3fb32553e77a199dcaf75557db08555d0f88c
E-0448,Google Scholar response,Sources/Scholar/pub07-start000.json,https://scholar.google.com/scholar?cites=1087022848043546642&hl=en&start=0&num=21&filter=0&as_sdt=7&as_vis=0&scipsc=1,aad62d068f290bbd5ce794f673937cf05babe7ed41d1c3f8ca2eeae1ec176909
E-0449,Google Scholar response,Sources/Scholar/pub07-start020.json,https://scholar.google.com/scholar?cites=1087022848043546642&hl=en&start=20&num=21&filter=0&as_sdt=7&as_vis=0&scipsc=1,4785604b125ee457e32b58a46bc011ddea3a475db64cb75b91d2b0b06df57b42
E-0450,Google Scholar response,Sources/Scholar/pub08-start000.json,https://scholar.google.com/scholar?cites=2775616270392012484&hl=en&start=0&num=21&filter=0&as_sdt=7&as_vis=0&scipsc=1,d3477aa94df4422ae9036cde70add3f068229b602e48f5c3040b170136c339f5
E-0451,Google Scholar response,Sources/Scholar/pub08-start020.json,https://scholar.google.com/scholar?cites=2775616270392012484&hl=en&start=20&num=21&filter=0&as_sdt=7&as_vis=0&scipsc=1,c301dc0311cc7b74698804b9ff4ba2ee6d24722a65b19df4e350be4edf2351a4
E-0452,Google Scholar response,Sources/Scholar/selected-title-01.json,https://scholar.google.com/scholar?q=%22Understanding+and+Overcoming+the+Challenges+of+Efficient+Transformer+Quantization%22&hl=en&num=10,a4047d2ec52da98511dab39c427aece4123158be23f16a8898051c10c1823210
E-0454,Google Scholar response,Sources/Scholar/selected-title-03.json,https://scholar.google.com/scholar?q=%22Mixed+Precision+DNNs%3A+All+you+need+is+a+good+parametrization%22&hl=en&num=10,1f23a57a3bcb4e29b022dcd4deb7742d7a668ae1a9112cdc92768e654a5abaf6
E-0455,Google Scholar response,Sources/Scholar/selected-title-04.json,https://scholar.google.com/scholar?q=%22Up+or+Down%3F+Adaptive+Rounding+for+Post-Training+Quantization%22&hl=en&num=10,8699261d778eb86893bf18c935e94da68fbd17d3e8d767b4f0180096b6d165be
E-0456,Google Scholar response,Sources/Scholar/selected-title-05.json,https://scholar.google.com/scholar?q=%22Bayesian+Bits%3A+Unifying+Quantization+and+Pruning%22&hl=en&num=10,4c38414f9748d728a025c255174dc8ec3c64c47da93703af942535ed9ccfd574
E-0457,Google Scholar response,Sources/Scholar/selected-title-06.json,https://scholar.google.com/scholar?q=%22Bringing+AI+to+edge%3A+From+deep+learning%E2%80%99s+perspective%22&hl=en&num=10,9e4776433b302638367464e842eb30f3f805bdea524be0ea3e12a89af6183f0b
E-0458,Google Scholar response,Sources/Scholar/selected-title-07.json,https://scholar.google.com/scholar?q=%22Differentiable+Model+Compression+via+Pseudo+Quantization+Noise%22&hl=en&num=10,51b9461a15d10959e5ed9b7d92ab2df6fce611b0282d0c62f90206ee0aed2378
E-0459,Google Scholar response,Sources/Scholar/selected-title-08.json,https://scholar.google.com/scholar?q=%22Integer-Only+CNNs+with+4+Bit+Weights+and+Bit-Shift+Quantization+Scales+at+Full-Precision+Accuracy%22&hl=en&num=10,a44b475b7d0fe1718bb2a7c2fff642c1660d7f605a4d8e1175ec491c063927a7
E-0460,Google Scholar response,Sources/Scholar/selected-title-09.json,https://scholar.google.com/scholar?q=%22AnalogNets%3A+ML-HW+Co-Design+of+Noise-robust+TinyML+Models+and+Always-On+Analog+Compute-in-Memory+Accelerator%22&hl=en&num=10,70d6e930f367c32ab2b7311887bd624c99060885a9ab57fc9ce4d15d27d9d7a4
E-0461,ROR geography,Sources/Institution-Locations/0030bb0b9ae3.json,https://api.ror.org/v2/organizations?query=RWTH+Aachen+University,273a60a9b27ffac27823121192b398d38cd6bc209a423e92d97360f87f361c35
E-0462,ROR geography,Sources/Institution-Locations/009d49ac333f.json,https://api.ror.org/v2/organizations?query=Nanyang+Technological+University,16d2bb36c8279b3af354feec49aacc796e08d1a4a324893730bdf99bf7629b37
E-0463,ROR geography,Sources/Institution-Locations/0386721f29c7.json,https://api.ror.org/v2/organizations?query=Columbia+University,c462871bbc2fb9183e56acab7c434761382595a4b1288c97f7af5fc9e4e60cba
E-0464,ROR geography,Sources/Institution-Locations/05d3c776841c.json,https://api.ror.org/v2/organizations?query=University+of+Bremen,f82b4ec0941f4ebeddd29e34c8a8e7aa936eed20ca8e5cd2c0de7cfcc141726c
E-0465,ROR geography,Sources/Institution-Locations/08574431c00d.json,https://api.ror.org/v2/organizations?query=Imperial+College+London,4adb075543fa78af3120cd63d0a5541eb7641ada0986e8407ae010da3ad316b4
E-0466,ROR geography,Sources/Institution-Locations/0c404289d60a.json,https://api.ror.org/v2/organizations?query=University+of+Science+and+Technology+Beijing,fe6975dc75dba8c7009bcbf37a36ba0755726576cd6f03fdb83474ffeb99dd08
E-0467,ROR geography,Sources/Institution-Locations/0ed791e539e7.json,https://api.ror.org/v2/organizations?query=University+of+Rennes,90d59366d7e8ef17df6c562fddbc8e5f47f1cf8bc792097fe6116e2f2e0339d4
E-0468,ROR geography,Sources/Institution-Locations/0fa01dc57228.json,https://api.ror.org/v2/organizations?query=New+York+University+Abu+Dhabi,388c0b9f2671cda1230a596e53deeb42cc0d1ddfa1ad18210d7117e170f719ca
E-0469,ROR geography,Sources/Institution-Locations/0fc8e06f71d7.json,https://api.ror.org/v2/organizations?query=Lawrence+Livermore+National+Laboratory,bb97b63d0ba4b238ef987bf389452dcc3f0f9f4a6a0373bb6be8e46884fa3605
E-0470,ROR geography,Sources/Institution-Locations/101301b5ecb3.json,https://api.ror.org/v2/organizations?query=University+of+Electronic+Science+and+Technology+of+China,cd1315444a12508eb7f621ad5fe4ea030df700cb3178b925d9b54dcd300d866e
E-0471,ROR geography,Sources/Institution-Locations/102c49fc1704.json,https://api.ror.org/v2/organizations?query=Wuhan+University,a215ad1d4117db33e23c6c5bc6f72e62586f6174ec475e8d0089b44ff38c7596
E-0472,ROR geography,Sources/Institution-Locations/10d8051035ce.json,https://api.ror.org/v2/organizations?query=University+of+California%2C+Riverside,3571bb25b0c9b3c168fb4ccfe83e703982e2c42190ba70063c90a4caa4e3857b
E-0473,ROR geography,Sources/Institution-Locations/136de5f93f3d.json,https://api.ror.org/v2/organizations?query=University+of+California%2C+Los+Angeles,5f422f9bf95ef00d3c5675329875cd6de21e4c83d19c1c60341bc9729ff98cbe
E-0474,ROR geography,Sources/Institution-Locations/153ec45c3168.json,https://api.ror.org/v2/organizations?query=China+University+of+Geosciences+Wuhan,45693d5164e59caff2826064154805d095f321532b8873ad9dc08446e9754ea8
E-0475,ROR geography,Sources/Institution-Locations/169dba895876.json,https://api.ror.org/v2/organizations?query=Sun+Yat-sen+University,f9df68aafadf64f93c728b241edc4af3189e1abacd859eff5f50e89906725f0f
E-0476,ROR geography,Sources/Institution-Locations/18dd08a7f9b2.json,https://api.ror.org/v2/organizations?query=Massachusetts+Institute+of+Technology,86f953e16566ad0623810c981072e7aefc915ce123fb9cc2c687b916dec13968
E-0477,ROR geography,Sources/Institution-Locations/1b7fe32228e9.json,https://api.ror.org/v2/organizations?query=Universitat+Polit%C3%A8cnica+de+Catalunya,8f0d9c786e65d4d5cb40677b5d9caf5a11bf82a9a3f3bd5f0351736fb62ff984
E-0478,ROR geography,Sources/Institution-Locations/1ce5debf9ec3.json,https://api.ror.org/v2/organizations?query=Iowa+State+University,cb7e1030dccc7b565d90873f81d7c4afb40bf9a7c0fd625eee583d88a3664db7
E-0479,ROR geography,Sources/Institution-Locations/1efe3fe27f6f.json,https://api.ror.org/v2/organizations?query=University+of+Duisburg-Essen,8f891ce02624065dc739dc6b02c78cff1a4fe712fadbcd993725c2ceebc1fac0
E-0480,ROR geography,Sources/Institution-Locations/1f67e4dceabf.json,https://api.ror.org/v2/organizations?query=Argonne+National+Laboratory,63fe6db84c043a93ee1dc810f81297538874a325ab50446cdc07bb97f4936a31
E-0481,ROR geography,Sources/Institution-Locations/20b78cccb582.json,https://api.ror.org/v2/organizations?query=Institute+of+Automation+Chinese+Academy+Sciences+Beijing,64a35aacadfa9635612cd3e2bddb42473cfa3fb11e1506dee0d15d3eba8b6c79
E-0482,ROR geography,Sources/Institution-Locations/21e31fc423ef.json,https://api.ror.org/v2/organizations?query=Northwestern+University,ceacc4617fcbf2cf7401b8f4129db380a7dffafecb34e224256e28612e2493f5
E-0483,ROR geography,Sources/Institution-Locations/266127c4f3a6.json,https://api.ror.org/v2/organizations?query=TU+Wien,8277b28a485cea7afe8ff22bd0279c3c0f1d457447873334da269c65a99c10a6
E-0484,ROR geography,Sources/Institution-Locations/2721d57bed0d.json,https://api.ror.org/v2/organizations?query=Sichuan+University,6b77240d27eb21722763bd006ade526a00fe029ffc93a337944da7cc03bbd7aa
E-0485,ROR geography,Sources/Institution-Locations/27faf32e46fa.json,https://api.ror.org/v2/organizations?query=Stanford+University,a0d5ad68ccb0bed8cb7fa2b51ff84eec87095960aa527c17902c3054d4e386a7
E-0486,ROR geography,Sources/Institution-Locations/2cfed6827482.json,https://api.ror.org/v2/organizations?query=National+University+of+Singapore,7732dd68d73fb8eb1700976e49e111c26c077909dce37d0a3ea43bd29b06d8b4
E-0487,ROR geography,Sources/Institution-Locations/318dea31a8a6.json,https://api.ror.org/v2/organizations?query=Rice+University,d67c0950e356a5fd09d9871f9f136c46c793c7cd9399ab78af60b40cba82fcb5
E-0488,ROR geography,Sources/Institution-Locations/338b5de5129a.json,https://api.ror.org/v2/organizations?query=ShanghaiTech+University,21a991ba22764dd3f17640a8f2da39eeca9c045ee9fe422109d580c717674061
E-0489,ROR geography,Sources/Institution-Locations/34053956d1cf.json,https://api.ror.org/v2/organizations?query=University+of+Florida,993e2ba309014faa7fb8a79d1b2c217f4a037e295d0b0ec1239e0c57c99db77c
E-0490,ROR geography,Sources/Institution-Locations/34d02e021659.json,https://api.ror.org/v2/organizations?query=University+of+Maryland%2C+College+Park,be2d6c279b918a1dd08449baae9868809e0a6e1f142f519fbe6f2a91114a0136
E-0491,ROR geography,Sources/Institution-Locations/37f27d24d351.json,https://api.ror.org/v2/organizations?query=South+China+Agricultural+University,155c14ab20dd8e1a0f6541d4b08fe1813a6c86a53b9eebda744d9b0db6e38c43
E-0492,ROR geography,Sources/Institution-Locations/3b14d3cd44b6.json,https://api.ror.org/v2/organizations?query=University+of+Toronto,f2c09ba15cab71ed4b542d5b3d084064c9fcd31a10893f02c6560d2b83a96a2d
E-0493,ROR geography,Sources/Institution-Locations/3bb9143ef1c3.json,https://api.ror.org/v2/organizations?query=Purdue+University,81d27f5e34ace1de005d298650c999b8d0e139711e200bce7f4fb2c18d9b5563
E-0494,ROR geography,Sources/Institution-Locations/3c53c8aeb270.json,https://api.ror.org/v2/organizations?query=Graz+University+of+Technology,320b995d5e32b2137eaed88639e7316c2a79a99830e88107f298b5621269865f
E-0495,ROR geography,Sources/Institution-Locations/3e87b14a2977.json,https://api.ror.org/v2/organizations?query=Queen%27s+University,e0398ea5dd0a5b0195da0c661f309176fd73079866dfbfc2fc57125457a0d11b
E-0496,ROR geography,Sources/Institution-Locations/41292b6fdc30.json,https://api.ror.org/v2/organizations?query=Zhejiang+University,266afe182e447e1865f17429fbb6155739275b8aec3f3f5533de62e1373ba671
E-0497,ROR geography,Sources/Institution-Locations/4818c1881a7d.json,https://api.ror.org/v2/organizations?query=Peking+University,aae6dee5b8677f6d6c01f99fd50c1895055e9e70c8e004f6af599dbdc4076100
E-0498,ROR geography,Sources/Institution-Locations/482f349a711e.json,https://api.ror.org/v2/organizations?query=Institute+of+Science+and+Technology+Austria,80d4e3e364cd3b9c79d69929abf8cf1140d2313280ddb3e2d182cc6f0719397e
E-0499,ROR geography,Sources/Institution-Locations/4879e2001dec.json,https://api.ror.org/v2/organizations?query=University+of+Chinese+Academy+of+Sciences,e61f2797af24b8353737f316a7a3892485bbcf3bcbf7609ea451d78e27c6fe67
E-0500,ROR geography,Sources/Institution-Locations/490962c3ea32.json,https://api.ror.org/v2/organizations?query=Guangzhou+University,edbc4544a9315b88405664386914b136cb5942189e2a58266e6685973f51d861
E-0501,ROR geography,Sources/Institution-Locations/495f70de30ec.json,https://api.ror.org/v2/organizations?query=National+Yang+Ming+Chiao+Tung+University,97ebe002c5f74315caa0e0ee40b33305447d583f5dfedad91c0a6dbe38443303
E-0502,ROR geography,Sources/Institution-Locations/4c315e8ebcdc.json,https://api.ror.org/v2/organizations?query=University+of+Notre+Dame,5edeb57408629ca74cac9d647f8b22fd7d4db4964fc4ddcd40b421350ef6b031
E-0503,ROR geography,Sources/Institution-Locations/4cf587e9fa14.json,https://api.ror.org/v2/organizations?query=Institute+of+Science+Tokyo,6608b263b87eab0caae98a2fde0f143f0892a9b1c26c4c3953fe701452f7bac8
E-0504,ROR geography,Sources/Institution-Locations/4d06b4079093.json,https://api.ror.org/v2/organizations?query=Carnegie+Mellon+University,b6bbe6852993c0f0788792fc093b0aa9e7b538d6afb3a8b49ca696c2416cb542
E-0505,ROR geography,Sources/Institution-Locations/4d84728edfc2.json,https://api.ror.org/v2/organizations?query=National+University+of+Defense+Technology,80cfd6da7b8ec5dcce42e688f94785c7cffcf6578b52821ba295e50088ffb9b0
E-0506,ROR geography,Sources/Institution-Locations/500f94fd3ffc.json,https://api.ror.org/v2/organizations?query=Beihang+University,7fab7d335df260adbe799dd7c42a6d39360ec2d6506a347ee72064095b2e9165
E-0507,ROR geography,Sources/Institution-Locations/5017c45f94c6.json,https://api.ror.org/v2/organizations?query=University+of+Bologna,4c9a8eea7a5f08e42b9a0566313ba9c96826aca14d0acf2148ae735e32e41fb1
E-0508,ROR geography,Sources/Institution-Locations/5c475a175e30.json,https://api.ror.org/v2/organizations?query=Ludwig+Maximilian+University+of+Munich,9d6d03ab12cd5e0cdcc1628c96540cabf265d6acf152935c0710129e4aa8da67
E-0509,ROR geography,Sources/Institution-Locations/5f33950c8d6e.json,https://api.ror.org/v2/organizations?query=Northeastern+University+Boston,afc83e42e2d84fc66884a82cfef33265b8fe14ed8fb27ef85a79ae880155dd62
E-0510,ROR geography,Sources/Institution-Locations/612a73a65675.json,https://api.ror.org/v2/organizations?query=Universidade+Federal+de+Minas+Gerais,e780e9ee551b94726f5d2403e6b0d0871daeda1fbfbef935fe832dc30a6e2e06
E-0511,ROR geography,Sources/Institution-Locations/63e3d04ff4b4.json,https://api.ror.org/v2/organizations?query=Beijing+University+of+Posts+and+Telecommunications,e682329e02042598d0b038380b172d71b50f952010c0bccb7b64318558ab4ccd
E-0512,ROR geography,Sources/Institution-Locations/677adfe6b9e7.json,https://api.ror.org/v2/organizations?query=Northeastern+University,a361a01feaed313421b1afca0d98c9014b2ece7735abc5bc8f206df7f8dc5417
E-0513,ROR geography,Sources/Institution-Locations/689193f9d04d.json,https://api.ror.org/v2/organizations?query=Universit%C3%A0+della+Svizzera+italiana,6531c8165292c669b2c0c948e59aae9a876f97085a17a3d80adfe6f32b624575
E-0514,ROR geography,Sources/Institution-Locations/694ac7ce9857.json,https://api.ror.org/v2/organizations?query=University+of+M%C3%BCnster,2348c9014a03f7a14c027e09293f3483663f09e25341b9ac160683a7c4d67ed9
E-0515,ROR geography,Sources/Institution-Locations/6983b147705e.json,https://api.ror.org/v2/organizations?query=Fermi+National+Accelerator+Laboratory,e6ba14bb44276877f56547733d3dccb2f3e9303f56f53125239b14d174111d5b
E-0516,ROR geography,Sources/Institution-Locations/69ca46c02636.json,https://api.ror.org/v2/organizations?query=KU+Leuven,f440a78aeb986bf7652a3361a4467e9a8130aa7a85e5c34feb550ddcec8d78bf
E-0517,ROR geography,Sources/Institution-Locations/6d2e30b6ccd3.json,https://api.ror.org/v2/organizations?query=Huazhong+University+of+Science+and+Technology,2af7b2a559f3b18c5eca331c5a8d0fcc4c2a083b3fcb0314af7f94e3362d6dd1
E-0518,ROR geography,Sources/Institution-Locations/7047073952e3.json,https://api.ror.org/v2/organizations?query=University+of+Western+Brittany+Brest,6fc0cb627f66ccdd907bb021a8d0a013cc8733147bc59bfbcd70c567cecc84b4
E-0519,ROR geography,Sources/Institution-Locations/720059d60903.json,https://api.ror.org/v2/organizations?query=University+of+Freiburg,13e691d0af62a8a5e9903ec717f098498d40285d952bb001e394c2c8e5eea32e
E-0520,ROR geography,Sources/Institution-Locations/749651d49597.json,https://api.ror.org/v2/organizations?query=Fudan+University,9b76acd0c7bb488a9d581c341f0b21f2a9d59b609ab0d1ff47596fa83f6bd534
E-0521,ROR geography,Sources/Institution-Locations/76978100340b.json,https://api.ror.org/v2/organizations?query=Vector+Institute+Toronto,feadd3d18731c85e6cad2bf0cdbd6901c685e5ae68139a7380b1bec9a4c28e1c
E-0522,ROR geography,Sources/Institution-Locations/78409c398213.json,https://api.ror.org/v2/organizations?query=TU+Dresden,398a3fe464ea5dbdf7871d74c16421810f6507b147d0ab3ee204d72d795349e3
E-0523,ROR geography,Sources/Institution-Locations/793128806f78.json,https://api.ror.org/v2/organizations?query=Vector+Institute,7f7fa2b4cf7a15f9e3cb9e903fe8c737dc3f444c64aa7c558d6028475a307ae1
E-0524,ROR geography,Sources/Institution-Locations/795157b1b08f.json,https://api.ror.org/v2/organizations?query=%C3%89cole+Polytechnique+F%C3%A9d%C3%A9rale+de+Lausanne,e17ec1ac2c93fc9a55df8adcf49ef00f0db3ee9180a4c3562cc2577ae86473ea
E-0525,ROR geography,Sources/Institution-Locations/79eb2923dfd7.json,https://api.ror.org/v2/organizations?query=University+of+Illinois+Urbana-Champaign,3c2e78da0c7c14aa0012548c02fceeae134a04bcc6fdb11876519069cdc9e105
E-0526,ROR geography,Sources/Institution-Locations/7b2da1c8b5c4.json,https://api.ror.org/v2/organizations?query=Xidian+University,a00213557f75c22c2f66b875df0abbbb400fd1b580f4a7c1917a8ee7ec488485
E-0527,ROR geography,Sources/Institution-Locations/7b41bef7293c.json,https://api.ror.org/v2/organizations?query=Khalifa+University,8006222b94431bcf3ad5082522c7588fc86bba522b7fb443c840b52face059d8
E-0528,ROR geography,Sources/Institution-Locations/7b5c0e184bb5.json,https://api.ror.org/v2/organizations?query=Xi%27an+Jiaotong-Liverpool+University,9fe7f3211875b15c51198a5e3d81aa52e9f85dbb4dd0789e44acf6bcb048c4d1
E-0529,ROR geography,Sources/Institution-Locations/7bc89900498b.json,https://api.ror.org/v2/organizations?query=Seoul+National+University,b66be7b0121693e7d402f9a84a4530e88b9dc3aa16bf32a60aeb2941cdd02cbd
E-0530,ROR geography,Sources/Institution-Locations/8100910b230b.json,https://api.ror.org/v2/organizations?query=Los+Alamos+National+Laboratory,c0e3f951f1e2e44ddffdb83f93d41ecd8b460fcc0f59d57355a56e991b9cc599
E-0531,ROR geography,Sources/Institution-Locations/8429d604447b.json,https://api.ror.org/v2/organizations?query=King+Fahd+University+of+Petroleum+and+Minerals,9203b87b9b6c92b3aa7ec94efde976df75fed1e2879d80a03c4db684648996e5
E-0532,ROR geography,Sources/Institution-Locations/877a9cc12f1f.json,https://api.ror.org/v2/organizations?query=University+of+St+Andrews,0d7e1de2fef5683aa83942cc7f2eebb52765e7cd56190b7b8dd0ec9e130e2da8
E-0533,ROR geography,Sources/Institution-Locations/88293fa677ea.json,https://api.ror.org/v2/organizations?query=Tsinghua+University,12f61d99590e2d540375f9d82040aa81c3caf5b0a30a8a30186700a146bfe09b
E-0534,ROR geography,Sources/Institution-Locations/8a25d4441b5c.json,https://api.ror.org/v2/organizations?query=Shanghai+Jiao+Tong+University,f77d41c3d6dd1c539f33028b6c740112b6d0c1c9cfeb52181844495c39760f4a
E-0535,ROR geography,Sources/Institution-Locations/8b5fb849da1f.json,https://api.ror.org/v2/organizations?query=University+of+Pittsburgh,3dcbc4f44eed7d2603d8bb0ad55673f88064d5448a54939136d87bde3021fc46
E-0536,ROR geography,Sources/Institution-Locations/8c23bf2718cf.json,https://api.ror.org/v2/organizations?query=Tampere+University,c3f7532fdc3e077a12fc5e04d189729f0fa025a27eeb82258722cf9aab5c393e
E-0537,ROR geography,Sources/Institution-Locations/8ce642cad7d6.json,https://api.ror.org/v2/organizations?query=East+China+Normal+University,31e7aa357cfce2066e1a9ac169f8a1ccc7c154472fb0dbb03a630774d2d6430e
E-0538,ROR geography,Sources/Institution-Locations/8fbdf4ba9126.json,https://api.ror.org/v2/organizations?query=Nanjing+University,fe38d0948faefdaab66b8f3b4fcd6df3f1d8da3e8ee5d527dec290245459c001
E-0539,ROR geography,Sources/Institution-Locations/92c0979654c1.json,https://api.ror.org/v2/organizations?query=University+of+Washington,5c51ed1b55bea1c21cd704c0a5e43faed62b990acaea994384c3899b0978e37e
E-0540,ROR geography,Sources/Institution-Locations/95554cb72df3.json,https://api.ror.org/v2/organizations?query=Hunan+Normal+University,3145c444b8aa1a8717fe422e558fac0c51df6ddb4ec60ae7e0bc9e846eb6bb2a
E-0541,ROR geography,Sources/Institution-Locations/95c2779f2fbd.json,https://api.ror.org/v2/organizations?query=Xi%27an+Jiaotong+University,6ae88c5f156951f90827dff3c09e291123c49cfe1d60e6d63f35990c86d7cc51
E-0542,ROR geography,Sources/Institution-Locations/9e18f9c9f910.json,https://api.ror.org/v2/organizations?query=Mila,780bde1f06dd21363232bb056c3a76df1a380d1a3d36c21ecafabd345c9f4a9a
E-0543,ROR geography,Sources/Institution-Locations/a12f256618bb.json,https://api.ror.org/v2/organizations?query=Politecnico+di+Torino,affd68c1ed0d50f1bbd9cda8d7fc42ee342ea00e474b18f9a8120d2080fa3141
E-0544,ROR geography,Sources/Institution-Locations/a33a3eb8a274.json,https://api.ror.org/v2/organizations?query=University+of+Macau,2a69fe40e6ed5408c23dc66cc49962ea6a50b97caf248a896a6ae448094ea4cb
E-0545,ROR geography,Sources/Institution-Locations/a69c8b8ca62b.json,https://api.ror.org/v2/organizations?query=North+China+University+of+Technology,3daca5e3f10f362b793a789f5ff820bbb248654506e58ecad3fcb84d07d22307
E-0546,ROR geography,Sources/Institution-Locations/a6f938c7d697.json,https://api.ror.org/v2/organizations?query=Zhejiang+University+of+Technology,b032f64a91b3ca4282c6dd3ca8e5e5a961956443bccddb5db40c958bdc532437
E-0547,ROR geography,Sources/Institution-Locations/a8622347c9b9.json,https://api.ror.org/v2/organizations?query=Guangdong+University+of+Science+and+Technology,88f75e5424a7d4f2079c80d7ccc216cdb54bdcace3425b4ec93f57ad61221120
E-0548,ROR geography,Sources/Institution-Locations/a8de9d39913c.json,https://api.ror.org/v2/organizations?query=Institute+of+Automation%2C+Chinese+Academy+of+Sciences,65cbf3fc647c158706bc8f2b9d372fad9ac4e2bf008d64b67aff311957296544
E-0549,ROR geography,Sources/Institution-Locations/a98171b071b9.json,https://api.ror.org/v2/organizations?query=Sungkyunkwan+University,c5a1cc56799d9abe3c0f85f95593315df77756cbc8e36cb027a7f36c8655ab71
E-0550,ROR geography,Sources/Institution-Locations/a9b2ec4f3e6d.json,https://api.ror.org/v2/organizations?query=Pennsylvania+State+University,4045e22a2777b237db9b8220c50b0494ba542ac8d0af179b68677c1194f5c5ae
E-0551,ROR geography,Sources/Institution-Locations/adee38e2dd5f.json,https://api.ror.org/v2/organizations?query=City+University+of+Hong+Kong,49cd31651081ed159ee34ac25d9600222e40a68061da49422333cff42b92f4b0
E-0552,ROR geography,Sources/Institution-Locations/ae229ad3284d.json,https://api.ror.org/v2/organizations?query=University+of+Alberta,ba5a9050d3930170a754301e1f86f8a62bcfea65c6aae26f12020edafe7883b7
E-0553,ROR geography,Sources/Institution-Locations/af3432eeb9d9.json,https://api.ror.org/v2/organizations?query=Technion+%E2%80%93+Israel+Institute+of+Technology,01815b8345f6e00d0c106c7364f04bc6c33751d7a574b51b0ca34f89c30f5d76
E-0554,ROR geography,Sources/Institution-Locations/af39a57f6b7e.json,https://api.ror.org/v2/organizations?query=Nanjing+University+of+Science+and+Technology,62df0f11773906b2ce1e30c6ae1a5de7be84f8d287acdc885e1a3e1e70290ebe
E-0555,ROR geography,Sources/Institution-Locations/b3351c0d856b.json,https://api.ror.org/v2/organizations?query=Beijing+Forestry+University,3aab985af03834a2e3ef02bdc722baa9c8d55a2eb7c5c2a08b18c48abe87589e
E-0556,ROR geography,Sources/Institution-Locations/b76997f3e58b.json,https://api.ror.org/v2/organizations?query=Uppsala+University,0d92925582faf5488e05cb12fbc8ac8981db37366e0f92ce436280a0c95ee364
E-0557,ROR geography,Sources/Institution-Locations/bc6fc762326c.json,https://api.ror.org/v2/organizations?query=Technical+University+of+Munich,0601e735d0b0528eb2bb384ef2c0f0a4990da56af508338f63a2a13e5fe0cf4c
E-0558,ROR geography,Sources/Institution-Locations/bdcc94a0fb30.json,https://api.ror.org/v2/organizations?query=ETH+Zurich,0ca78a8af9a6528daee2b236abe0684e094ba1dd10a5bb78ae91d1b71c08bdee
E-0559,ROR geography,Sources/Institution-Locations/bf4e5164614c.json,https://api.ror.org/v2/organizations?query=University+of+California%2C+San+Diego,63ef422e026e09ef759da5469be158ec7e18c0c7e24819a740e6b5b2a79bbfad
E-0560,ROR geography,Sources/Institution-Locations/bf9cc148b1dc.json,https://api.ror.org/v2/organizations?query=IMT+Atlantique,e95be0d2cf22f97d4a711e249e06dfccc6eb1d6a8ba75ffbd1cde840bfd440ce
E-0561,ROR geography,Sources/Institution-Locations/c3307be5e4e5.json,https://api.ror.org/v2/organizations?query=University+of+Padua,6b1199e6b88b9209cc3b38b6266d29a25d8ab3a6b75e9134cbc4efbbed4562c0
E-0562,ROR geography,Sources/Institution-Locations/c3d24dae34dc.json,https://api.ror.org/v2/organizations?query=Georgia+Institute+of+Technology,ad01118bb6956e72a0a9f21a1b12989a42816a2728c99d94ea09e9244f0dd652
E-0563,ROR geography,Sources/Institution-Locations/c69128b15804.json,https://api.ror.org/v2/organizations?query=Skolkovo+Institute+of+Science+and+Technology,a23b336ecdbf1fee73c2d122fcce2106edd28db79cba42daaeadaf00df9e163f
E-0564,ROR geography,Sources/Institution-Locations/c9f25d2b94a1.json,https://api.ror.org/v2/organizations?query=University+of+Oxford,6fdb573973762bc382413d470a7e5d22978c05ea32f586b3f2e180fb5e01cec6
E-0565,ROR geography,Sources/Institution-Locations/d0da9fb4e14f.json,https://api.ror.org/v2/organizations?query=University+of+Waterloo,efe5086f02852815e664956b748a26849e5ff5e4fa0650b8e74d0104de49ae26
E-0566,ROR geography,Sources/Institution-Locations/d2349556aca5.json,https://api.ror.org/v2/organizations?query=Hanyang+University,64a9becc10bbd65ebe2ecc66c6523eb595ab79f50466ef78de241c70c8e1917a
E-0567,ROR geography,Sources/Institution-Locations/d3ce4503279b.json,https://api.ror.org/v2/organizations?query=University+of+Southern+California,30f1411655063811d07f476362025d73c7134eb8354e616a56703ed4a0754c2d
E-0568,ROR geography,Sources/Institution-Locations/d6810f8d1172.json,https://api.ror.org/v2/organizations?query=Tennessee+Technological+University,820e873abb655bc256e6ce21bd4819077a7f9f3995238523f1472511880f71e6
E-0569,ROR geography,Sources/Institution-Locations/da229ae3ec1b.json,https://api.ror.org/v2/organizations?query=University+of+W%C3%BCrzburg,812f80f08c1184967de9e552eb8f9f3f101814be845da94dbf89c7443adf4336
E-0570,ROR geography,Sources/Institution-Locations/da405023df52.json,https://api.ror.org/v2/organizations?query=University+of+Amsterdam,e0261e46c8641d43fad579012ca93d23e942b51779a772219b54fa56aabd12dd
E-0571,ROR geography,Sources/Institution-Locations/dce962e41084.json,https://api.ror.org/v2/organizations?query=University+of+Trento,9c73ed619c5db6f46de971fbd024082b8dc1be9b1ca89b2a89b78956aec21654
E-0572,ROR geography,Sources/Institution-Locations/e217332b8b4b.json,https://api.ror.org/v2/organizations?query=Dongguan+University+of+Technology,0dff1857e22d0e3b147e70f14ffdebd3fdd8260f1773e534fdbe36398e1aabfb
E-0573,ROR geography,Sources/Institution-Locations/e7ef8bbd4fcf.json,https://api.ror.org/v2/organizations?query=Autonomous+University+of+Madrid,273caca0a93950f5c3ff67c606a32e9118f5498ccba25e9ddedb393aa088a781
E-0574,ROR geography,Sources/Institution-Locations/e810e5792128.json,https://api.ror.org/v2/organizations?query=Bilkent+University,b5203f1d9c5e4f6ffddb4898731329d4134de8f5d3cfa24ceee81d3cd499d893
E-0575,ROR geography,Sources/Institution-Locations/eb8eb603f67a.json,https://api.ror.org/v2/organizations?query=Carleton+University,2fd52cdad32d93aa36f7ddb9142ba7acfa28a2bd957dce0da694cbffc82d7f6b
E-0576,ROR geography,Sources/Institution-Locations/ed533522bc74.json,https://api.ror.org/v2/organizations?query=University+of+California%2C+Santa+Barbara,88ce8cc16007dbe1cfc7c898580672e5e328eb916c7395101a1057240a32097c
E-0577,ROR geography,Sources/Institution-Locations/ee3ca0dea7f6.json,https://api.ror.org/v2/organizations?query=University+of+Western+Brittany,d7011b854abe373e06193c0f8a8a40ac5b39733299907e8a79fbf6e61e38b7ad
E-0578,ROR geography,Sources/Institution-Locations/ef31c895002a.json,https://api.ror.org/v2/organizations?query=Polytechnic+University+of+Bucharest,d800aebd7fc81826195e09732f19b515ef0f00663d221ad0136b3cb24fd3e2f6
E-0579,ROR geography,Sources/Institution-Locations/f5d5b2862819.json,https://api.ror.org/v2/organizations?query=Delft+University+of+Technology,86a41fecc31ae9bc816cd6cfab993610a518b85ea4bb3d4d2b723f972c429761
E-0580,ROR geography,Sources/Institution-Locations/f5f2d908a418.json,https://api.ror.org/v2/organizations?query=University+of+Science+and+Technology+of+China,e2bba4633e4b041fe6f0c8b4aaef08b593dd265e4a7634d65c3427c71753a60c
E-0581,ROR geography,Sources/Institution-Locations/fa54a794eeda.json,https://api.ror.org/v2/organizations?query=University+of+California%2C+Irvine,919948d5814fae8b16e8f89c1b161fbb0ef2371a53a3e48fc96dc9da9e240e7f
E-0582,ROR geography,Sources/Institution-Locations/fb9794bc6726.json,https://api.ror.org/v2/organizations?query=Kyushu+Institute+of+Technology,fb3452621ad0f86f25f259940b1b793a723cfd6980b90db6ca40b772cb9de607
E-0583,ROR geography,Sources/Institution-Locations/fd3a1051f06b.json,https://api.ror.org/v2/organizations?query=Shandong+University,7fae96fbae3d94525d92eb66c0ac32a95b4697c6fe0b4d80013ae2f69dc6040a
E-0584,ROR geography,Sources/Institution-Locations/fed7345f839c.json,https://api.ror.org/v2/organizations?query=Nankai+University,5258720f1bb5a41ce7f51e9ba260dcd3fb3f1e1975ff647a8c97300cc5e0db63
E-0585,Publication/venue,Sources/Publication/core-eccv.html,https://portal.core.edu.au/conf-ranks/?search=ECCV&by=all&source=ICORE2026&sort=atitle,7016779f7627e6423fc8efdd41537c7e0026ff72400218bdaeec95b7c40f0737
E-0586,Publication/venue,Sources/Publication/hmq-crossref-retry.json,https://api.crossref.org/works/10.1007%2F978-3-030-58574-7_27,9d4721a9eca9e8b021ff3174973feaa867e86915e7f0cd68ae83a0dcf9932cbc
E-0587,Publication/venue,Sources/Publication/hmq-publisher.html,https://link.springer.com/chapter/10.1007/978-3-030-58574-7_27,5284a67f1e07fab633790f8fb21519177e04ae8b758079344492c92f9ec8bb5d
E-0588,Publication/venue,Sources/Publication/pll-crossref.json,https://api.crossref.org/works/10.1007/s40313-016-0254-2,1ff7760fe33a011dbf198493f3ae2e4fc189291bfedeca44a2334fb4aa82a3b2
E-0589,Publication/venue,Sources/Publication/pll-publisher.html,https://link.springer.com/article/10.1007/s40313-016-0254-2,ac944856872fa9fe243956f55b904f4fd18dd58ad5d485b67f8fcb7c41866476
E-1320,Manual review source or excerpt,Sources/Manual-Geography/12f22c8ef61a.json,https://api.ror.org/v2/organizations?query=Heidelberg+University,e6dfaeef623be40b505519435a89355c6c2a5a027d313374e7d18fb11ac3908c
E-1321,Manual review source or excerpt,Sources/Manual-Geography/2c687baa6b3d.json,https://api.ror.org/v2/organizations?query=University+of+Rochester,b53619f4f1c29007135769f982ed5048f71b9dcc51a94ed417233bfa060d5665
E-1322,Manual review source or excerpt,Sources/Manual-Geography/513241526dd2.json,https://api.ror.org/v2/organizations?query=Harvard+University,7935db795e98ddd041dccce4b7d3aadad06a8c4217a4d5b2525246ed7172fbad
E-1323,Manual review source or excerpt,Sources/Manual-Geography/a9b2ec4f3e6d.json,https://api.ror.org/v2/organizations?query=Pennsylvania+State+University,7e8e6744ab41fb87eb8f27415fa337cb664421b854362cd5c1f68b629512a10e
E-1324,Manual review source or excerpt,Sources/Manual-Geography/b0caca93d42e.json,https://api.ror.org/v2/organizations?query=Shanghai+Artificial+Intelligence+Laboratory,b17fd0b92ead386b3070a675c81cf2e35cf5e077a6080f942f247d8995571c9e
E-1325,Manual review source or excerpt,Sources/Manual-Geography/ba77fc4a1eae.json,https://api.ror.org/v2/organizations?query=Shanghai+Qi+Zhi+Institute,1e49620f88a89f6b949cf29eecaad92ddcd5946194b5ea8172da64dba1187f2c
E-1326,Manual review source or excerpt,Sources/Manual-Geography/c16524fc0e5c.json,https://api.ror.org/v2/organizations?query=Texas+A%26M+University,9da30f376d2b3d2d52ade9808f9a92f4494ea110e5e84c06797d5075cb280525
E-1327,Manual review source or excerpt,Sources/Manual-Geography/deb11806b955.json,https://api.ror.org/v2/organizations?query=Princeton+University,44fda6dff2bec2326534fa631eaa9726463dd1dd1933b8deee6f78b45653fefb
E-1328,Manual review source or excerpt,Sources/Manual-Geography/ee1cb6f81638.json,https://api.ror.org/v2/organizations?query=University+of+California+Santa+Cruz,35003753b697ae50e61db448d4ba075cce7b197bccde0a3ce41fad47f9c49d08
E-1329,Manual review source or excerpt,Sources/Manual-Geography/ee959b5423a4.json,https://api.ror.org/v2/organizations?query=Barcelona+Supercomputing+Center,95a8b4837206e719f069000c4a0e691857881309bac9cc7c18d58a61590e1249
E-1330,Manual review source or excerpt,Sources/Manual-Geography/f9476016f29f.json,https://api.ror.org/v2/organizations?query=Polytechnique+Montreal,076b56f1c15cfd125e0dab6adfeabb36da22ff99543faf09bf3f4d3f246c4861
E-1331,Manual review source or excerpt,Sources/Affiliation-Pages/E-1253-p1.pdf,E-1253,509247c4c7e420e039bf918a20e7a7cd8e47c95c030a0298b8b14b910a5bb5fa
E-1332,Manual review source or excerpt,Sources/Affiliation-Pages/E-1254-p1.pdf,E-1254,7e78547e59632cfdd632ac6c81deb672d78968d23a156416f1168144372c33e6
E-1333,Manual review source or excerpt,Sources/Affiliation-Pages/E-1255-p1.pdf,E-1255,6c7ccb57d74d14f76bea44a6d3a70013201ee8072fa9aab97fb0fde5ca85a2d0
E-1334,Manual review source or excerpt,Sources/Affiliation-Pages/E-1256-p1.pdf,E-1256,74d4e04177a2eaefd12f6c7f129ebcea748409e48002017cd071bd39a446c455
E-1335,Manual review source or excerpt,Sources/Affiliation-Pages/E-1257-p1.pdf,E-1257,48ee7efbef32b38c1832dd667d46932dd152d725777f29bc2cd34f0267c2eaa9
E-1336,Manual review source or excerpt,Sources/Affiliation-Pages/E-1258-p2.pdf,E-1258,0123631f0d83427505b418950f3acbd682624d68e4251996beb7ee8388698c48
E-1337,Manual review source or excerpt,Sources/Affiliation-Pages/E-1259-p1.pdf,E-1259,d7364ec1c634f02a294c82b8d92fdabefb0fcdf1936a060713f345f2559a48e1
E-1338,Manual review source or excerpt,Sources/Affiliation-Pages/E-1260-p1.pdf,E-1260,dbd74631f2d5b59c5b3b0bebb4ac24e4d2e105ab0be4671b714b607fd1a89015
E-1339,Manual review source or excerpt,Sources/Affiliation-Pages/E-1261-p1.pdf,E-1261,d0e8e7dcf1206c20311745229dbc44f6c96c1d07017eff6ffb80486b4d23c851
E-1340,Manual review source or excerpt,Sources/Affiliation-Pages/E-1262-p1.pdf,E-1262,64006f2de0711063fee64f092acf01ecf40772c02390fbe6d4fc40a7ae118eec
E-1341,Manual review source or excerpt,Sources/Affiliation-Pages/E-1263-p1.pdf,E-1263,bc6594ec78b201c7e44b69ae452b26e010c145f61272c05c43782ffc8d4fafa2
E-1342,Manual review source or excerpt,Sources/Affiliation-Pages/E-1264-p1.pdf,E-1264,e2a6a6d2c3ba06a479fdd2541d37638ec0787c65fb5329e57f2110a4c84bff08
E-1343,Manual review source or excerpt,Sources/Affiliation-Pages/E-1265-p2.pdf,E-1265,3002b4adda5d19c91372f83c97d9fb2eaa6b9791a1fdc967be262f1b3934c50a
E-1344,Manual review source or excerpt,Sources/Affiliation-Pages/E-1266-p1.pdf,E-1266,a4f3f15e7a6882f93ab0e032b64bfa2c6d2b90670180b71ef4eaf07f253d093d
E-1345,Manual review source or excerpt,Sources/Affiliation-Pages/E-1267-p1.pdf,E-1267,729edb6677b647f0015ad562b37c44ead1e9294586feb8e98ba0386beb01022d
E-1346,Manual review source or excerpt,Sources/Affiliation-Pages/E-1268-p1.pdf,E-1268,f020b7dd1fcaa2768d3849acaac2b989fe07c8ba73b548fa76b04036f8dcfdba
E-1347,Manual review source or excerpt,Sources/Affiliation-Pages/E-1269-p1.pdf,E-1269,dfc800da85f1229f76049cbc0d77b61154396ca992859a33f3a471d13b1198fe
E-1348,Manual review source or excerpt,Sources/Affiliation-Pages/E-1270-p3.pdf,E-1270,6022ffb0a1048ed4b79d21961942af3b8c43a756ed6a10597c184c7653c04cf4
E-1349,Manual review source or excerpt,Sources/Affiliation-Pages/E-1271-p1.pdf,E-1271,74c337d8dfff6a815b6aa926ad3b9f631ea8d3f597bcf37c9a237497fcde3bd6
E-1350,Manual review source or excerpt,Sources/Affiliation-Pages/E-1272-p1.pdf,E-1272,3ad854d69e8d0841efc2a4a1f3a8e57d156f561e02342095ad9802726ca783e7
E-1351,Manual review source or excerpt,Sources/Affiliation-Pages/E-1273-p1.pdf,E-1273,99738763f31622befc1e1ea5a6b35f61729486980b08d3130e3401f4ec0d2823
E-1352,Manual review source or excerpt,Sources/Affiliation-Pages/E-1274-p1.pdf,E-1274,df85d9c6003ed57780767b9e2a331519ca6e53fdc68ac59ed643af4a1b3ab28c
E-1353,Manual review source or excerpt,Sources/Affiliation-Pages/E-1276-p1.pdf,E-1276,07561ab8de2257215c5203148f119d98baeada9710e3a516d799767f242767c2
E-1354,Manual review source or excerpt,Sources/Affiliation-Pages/E-1277-p1.pdf,E-1277,53a115bca0629602ff26853ee13d27df33a5c9408b629bd6c6d61790147e8dd9
E-1355,Manual review source or excerpt,Sources/Affiliation-Pages/E-1278-p1.pdf,E-1278,ce5eb0a13330804e35b870190c62d41cbd92bb2106f4fa1df3e137c8af657f54
E-1356,Manual review source or excerpt,Sources/Affiliation-Pages/E-1279-p1.pdf,E-1279,5b7ee34ed60af75801195c9efeffe4a0c02f7fe9408d108de8161d7c4efefff2
E-1357,Manual review source or excerpt,Sources/Affiliation-Pages/E-1280-p1.pdf,E-1280,ccca494b9eb1c63c91315b09fb2e8eaa67b5fe8c687264f394bcd4f225356219
E-1358,Manual review source or excerpt,Sources/Affiliation-Pages/E-1281-p1.pdf,E-1281,59e08b78c658b6fe3da02c3ceead025821f5aea9ea5a9dd8f95e71ac3a357025
E-1359,Manual review source or excerpt,Sources/Affiliation-Pages/E-1282-p1.pdf,E-1282,9efa89760618ed06d07b13f731371c66bfe1ce833d2a95c8cd73cca68c66aa6b
E-1360,Manual review source or excerpt,Sources/Affiliation-Pages/E-1283-p1.pdf,E-1283,d0f1f4ed1683658c4fd3f1dbdd4cb711b0114059ff9849febf9efce19e8c10a1
E-1361,Manual review source or excerpt,Sources/Affiliation-Pages/E-1284-p1.pdf,E-1284,8c1ffbb7cf2bdaab08a366426b39940293f1d8d9fbc1bb54455be4ae7e768423
E-1362,Manual review source or excerpt,Sources/Affiliation-Pages/E-1285-p2.pdf,E-1285,c5c9b44e3a84ed3f3afed6651e99780e4a7cb5fe759d7ce526e976330aac92d6
E-1363,Manual review source or excerpt,Sources/Affiliation-Pages/E-1286-p1.pdf,E-1286,93241d957a1dc2d380eaea5e13e02791dbd156b7decc88cbe0e29215cfb6b148
E-1364,Manual review source or excerpt,Sources/Affiliation-Pages/E-1287-p1.pdf,E-1287,afadd35f1b850a6281fa92c1f1aa07f61fb484343f4b121834dd3a8bf5466f80
E-1365,Manual review source or excerpt,Sources/Affiliation-Pages/E-1288-p1.pdf,E-1288,f74622c920ff1a8219f4b10f60c30dde1304d02b8151b19ce1cd938bdca569cf
E-1366,Manual review source or excerpt,Sources/Affiliation-Pages/E-1289-p1.pdf,E-1289,f6230435f9de6933b664c7d0d63dff870e0fe130566d7f7431f1fdff939cb8d5
E-1367,Manual review source or excerpt,Sources/Affiliation-Pages/E-1290-p1.pdf,E-1290,74103f47a8215cb047355d56eaf0aab6288f98aefae15a95f224e8514a55d304
E-1368,Manual review source or excerpt,Sources/Affiliation-Pages/E-1292-p1.pdf,E-1292,9bb4506a2460adad135ceab0be1938ace4d0b8f7d832f84d3b59e44a20836e31
E-1369,Manual review source or excerpt,Sources/Affiliation-Pages/E-1293-p1.pdf,E-1293,726bf3134a9fe7ea612c1ebe8e3f2f17a4379d73ae6c24272477d37e52a40b58
E-1370,Manual review source or excerpt,Sources/Affiliation-Pages/E-1294-p2.pdf,E-1294,39a29ab63864a514910e598fbd2368d76726099b835cc80a1553ae926dc9e77b
E-1371,Manual review source or excerpt,Sources/Affiliation-Pages/E-1295-p1.pdf,E-1295,2a5ebe2f983ac1ea9aacafdc5ea44b4d70656affd366a818b6057f85c6df52e0
E-1372,Manual review source or excerpt,Sources/Affiliation-Pages/E-1296-p1.pdf,E-1296,be24cf76e2b71ff502417a9bcaa3ca8ced04441391281521f375112df40f0106
E-1373,Manual review source or excerpt,Sources/Affiliation-Pages/E-1297-p1.pdf,E-1297,b06be33435a7605cbb4a0ff861173921a61dbe9272870860fd9cb6b3a27a5692
E-1374,Manual review source or excerpt,Sources/Affiliation-Pages/E-1298-p1.pdf,E-1298,5f0624c669d60a864b02b352780ffd7423fc400e5862035916a125583e2ce7b7
E-1375,Manual review source or excerpt,Sources/Affiliation-Pages/E-1299-p1.pdf,E-1299,230718e9696df2e9c4f87b60c63a17d5a65ea71f29800d7473bdb4faea24b60d
E-1376,Manual review source or excerpt,Sources/Affiliation-Pages/E-1300-p1.pdf,E-1300,a224a72804aeb999013f9c0a3979afe3913ba5f8e43b178a1688d7193bfda6f9
E-1377,Manual review source or excerpt,Sources/Affiliation-Pages/E-1301-p1.pdf,E-1301,1312412fad97ee0da7b14a4c91a3e755aa077ebd1dc41d9ee49833f091549d83
E-1378,Manual review source or excerpt,Sources/Affiliation-Pages/E-1302-p1.pdf,E-1302,a7993654b3e31f1dbb589045a3cdbf4c6038b6261d3ff4abe72468094bf9088c
E-1379,Manual review source or excerpt,Sources/Affiliation-Pages/E-1303-p1.pdf,E-1303,33f892e757d450870563762bc760e8b58f5996a84aae8c3756a442d96179f93e
E-1380,Manual review source or excerpt,Sources/Affiliation-Pages/E-1304-p1.pdf,E-1304,338ec245f04498cb1958fc820e6f7a293883db1e266d52a45de4402a460134e2
E-1381,Manual review source or excerpt,Sources/Affiliation-Pages/E-1305-p1.pdf,E-1305,c21666b9149d7d63d68f14bfccd0ea91ef69fb6d64e2f9ea218451bf5bb8f664
E-1382,Manual review source or excerpt,Sources/Affiliation-Pages/E-1306-p2.pdf,E-1306,83e4d62087e4b34486f307611fc4a0aa87d95dcfe61c9789a03b5f0dafbeec2d
E-1383,Manual review source or excerpt,Sources/Affiliation-Pages/E-1307-p1.pdf,E-1307,e0cb46a2bf44e0e81a9c62b1d8dfb77d9e54332746725993fc22ae4656063613
E-1384,Manual review source or excerpt,Sources/Affiliation-Pages/E-1308-p1.pdf,E-1308,dfe85a2093d4935e680258a9fb68399ab3d5586eff210b5e88dace5cfc889919
E-1385,Manual review source or excerpt,Sources/Affiliation-Pages/E-1309-p1.pdf,E-1309,26a33772d065db28914db6e964812ba1c9ca8b9b1188ad938ddf48fbebe602f8
E-1386,Manual review source or excerpt,Sources/Affiliation-Pages/E-1310-p1.pdf,E-1310,692e09acc858f2262b376d09d1311b03ea6c04a92a8892cff406bfb751f07c76
E-1387,Manual review source or excerpt,Sources/Affiliation-Pages/E-1311-p1.pdf,E-1311,8104eabee5eed9fbd2f4b1d085d71acc16be21b162512b8bf118cc7269c54c3e
E-1388,Manual review source or excerpt,Sources/Affiliation-Pages/E-1312-p1.pdf,E-1312,37cad5869db1da00c9eb632de9bc268af5b048948d33ce7e001132cc490f25d3
E-1389,Manual review source or excerpt,Sources/Affiliation-Pages/E-1313-p1.pdf,E-1313,6e4634446cc52978bd400f44d37fb542aba9bb3f826c55da2a5f82db2ce0b462
E-1390,Manual review source or excerpt,Sources/Affiliation-Pages/E-1314-p1.pdf,E-1314,94225d332677ebc246716564de3bb72a80b3798aff5e568854a68f5f67bba07c
E-1391,Manual review source or excerpt,Sources/Affiliation-Pages/E-1315-p1.pdf,E-1315,13aa318ff5869da8049dedaa59de1d4feebac5dc0d954b39a7d20813f3810ebc
E-1392,Manual review source or excerpt,Sources/Affiliation-Pages/E-1316-p1.pdf,E-1316,fc6af09ec73d712d3a0a31bf277a615a8f29bf3ebc734c615e318f921c391d4a
E-1393,Manual review source or excerpt,Sources/Affiliation-Pages/E-1317-p1.pdf,E-1317,68c37a85b85a5b731c5a26c50cd31342616cfe35db5fe1b443f04109dbe263a1
E-1394,Manual review source or excerpt,Sources/Affiliation-Pages/E-1318-p1.pdf,E-1318,70bf5b0e718b8beb8e8952856a02e667768fa26830b706387a78dd6f86b5c187
E-1395,Manual review source or excerpt,Sources/Affiliation-Pages/E-1319-p1.pdf,E-1319,74c267b4a871cd681b921d48773427761cb5b8d6a251df636455f31bff807a69
E-1396,Publication/venue,Sources/Publication/core-iccv.html,https://portal.core.edu.au/conf-ranks/?search=ICCV&by=all&source=ICORE2026&sort=atitle,f291982114d4c4ad85aa246707ce0033c4bae2153ed4adaed997c8e38114c27c
E-1421,Publication/venue,Sources/Publication/tiny-transformers-crossref.json,https://api.crossref.org/works/10.1109/tc.2024.3500360,eba84fcef78d0c0ae20ae561f035af5ae3e0b85e84d4fa843e2a559138303f0e
E-1422,Publication/venue,Sources/Publication/depth-completion-crossref.json,https://api.crossref.org/works/10.1109/cvprw56347.2022.00302,9beb5f42d6172f61f9810a4fc50c6e43056a87e7dd0cff638ae40abeb9d11a38
